id,theme,hook,prayer,scripture,scripture_ref,ending,visual_concept
1,Provision,You don't owe tonight any more effort.,"Lord, thank You for meeting our needs, even when we worried You wouldn't.",The Lord is my shepherd; I lack nothing.,Psalm 23:1,"May rest come, even if it's imperfect tonight.",soft glow of dusk settling over hills
2,Identity,"Before you sleep, remember who's holding you.","Lord, quiet the comparison that makes us forget who we actually are.",I have loved you with an everlasting love.,Jeremiah 31:3,You're not carrying this by your own strength alone.,quiet night sky above still sand dunes
3,Work,Tonight isn't asking anything more of you.,"Father, quiet the work stress that followed us home tonight.","In vain you rise early and stay up late, toiling for food to eat — for he grants sleep to those he loves.",Psalm 127:2,"May His nearness be enough tonight, even without answers.",moonlit clouds over a still lake
4,Weariness in faith,"Tonight, set down what isn't yours to fix.","God, for the prayer life that's felt dry lately, revive it in Your timing.","Come to me, all you who are weary and burdened, and I will give you rest.",Matthew 11:28,Rest is not a reward you have to earn tonight.,clouds drifting under a full moon
5,Encouragement,This is your permission to rest.,"Father, for the setback today, remind us it isn't the whole story.","Encourage the disheartened, help the weak, be patient with everyone.",1 Thessalonians 5:14,May God's peace meet you exactly where you are.,a soft glow along a quiet forest trail
6,Humility,This is the pause your heart needed.,"Father, help us listen more than we speak tomorrow.",Act justly and to love mercy and to walk humbly with your God.,Micah 6:8,"Whatever silence you're sitting in, God is not silent toward you.",a quiet balcony overlooking city lights
7,Disappointment,Before sleep finds you...,"Lord, we release today's disappointment tonight. Tomorrow is still Yours to write.",And we know that in all things God works for the good of those who love him.,Romans 8:28,You are not required to be okay tonight — just to be honest.,a gentle glow from a distant window
8,Strength,You made it here. That's not nothing.,"Lord, for anyone who feels like they have nothing left, be their strength tonight.",But those who hope in the Lord will renew their strength.,Isaiah 40:31,"God's love holds steady, whatever tonight's circumstances are.",stars framed by a mountain ridge
9,Gratitude,"Before you sleep, a small reminder.","Lord, thank You for another day, even an imperfect one.",Give thanks in all circumstances.,1 Thessalonians 5:18,"May peace be with you tonight, whatever tonight holds.",moonlight through an open barn door
10,Joy,You don't have to carry tomorrow yet either.,"Lord, restore a little joy to us tonight, even in a hard season.",The joy of the Lord is your strength.,Nehemiah 8:10,Rest as much as you can. God is near.,a tranquil garden under moonlight
11,Provision,Hand it over. All of it.,"God, for the specific need we're facing right now, be our provider.",And my God will meet all your needs according to the riches of his glory in Christ Jesus.,Philippians 4:19,"Whatever you're facing, you are not facing it unseen by God.",soft blue hour light before full dark
12,God's presence,"Whatever tonight looks like, you're not facing it unseen.","Father, let Your presence be the last thing we're aware of before sleep.",Draw near to God and he will draw near to you.,James 4:8,"God is not far from you tonight, even if He feels quiet.",night sky reflected on wet pavement
13,Patience,Rest tonight. Really rest.,"Lord, give us patience for the process, not just the outcome.",Wait for the Lord; be strong and take heart and wait for the Lord.,Psalm 27:14,You do not have to carry everything alone.,moonlight on quiet cobblestones
14,Anxiety,"Tonight, let your heart go quiet.","Father, for the anxious thought we keep circling back to, interrupt it with peace.","Do not be anxious about anything, but in every situation, by prayer and petition, present your requests to God.",Philippians 4:6,May tonight offer whatever rest your heart can receive.,a calm night sky above rooftops
15,Weariness in faith,Let this be where today ends.,"Father, for the doubt we're embarrassed to admit, meet us there without judgment.","Let us not become weary in doing good, for at the proper time we will reap a harvest.",Galatians 6:9,"May you feel God's nearness, even in the hard moments.",night sky above quiet terraced rice fields
16,Protection,You're allowed to stop carrying it now.,"God, protect us through the night, body and spirit.",The Lord will keep you from all harm — he will watch over your life.,Psalm 121:7,May a measure of comfort reach you tonight.,moonlight settling over a quiet harbor town
17,Contentment,"Tonight, lay it all down.","Father, help us stop measuring our life against someone else's tonight.",Keep your lives free from the love of money and be content with what you have.,Hebrews 13:5,"May His presence be your comfort, whatever tonight brings.",stars above a quiet campsite
18,Work,You made it through something today. Acknowledge that.,"Lord, for the exhausted and overworked tonight, give real rest, not just sleep.",Whoever can be trusted with very little can also be trusted with much.,Luke 16:10,God's love for you doesn't depend on how today went.,moonrise over distant mountains
19,Relationships,One more thing before you rest...,"Father, thank You for the people in our lives. Watch over those relationships tonight.",Love your neighbor as yourself.,Mark 12:31,May you sense that you are not facing this completely alone.,quiet starlight above a sleeping garden
20,Strength,You've done enough for one day.,"Lord, for the weary tonight, be their strength when they have none left.",I can do all this through him who gives me strength.,Philippians 4:13,"You're invited to rest, not required to have resolved everything.",night fog rolling over hills
21,Purpose,"Tonight, let go of what you can't hold onto anyway.","Lord, give us clarity about what matters most as we start tomorrow.","The thief comes only to steal and kill and destroy; I have come that they may have life, and have it to the full.",John 10:10,"God remains present, even in seasons that don't make sense yet.",gentle moonlight over a sleeping town
22,Rest,"Before sleep, a moment for your heart.","Father, quiet our bodies and minds enough to truly rest.",The Lord will fight for you; you need only to be still.,Exodus 14:14,"God's compassion doesn't run out, tonight or tomorrow.",stars visible through a skylight
23,Peace,You made it to the end of today.,"Lord, quiet every worried heart tonight. Give us peace over what we cannot control.",After the fire came a gentle whisper.,1 Kings 19:12,"Whatever you're carrying, may it feel lighter tonight.",stars scattered over quiet moorland
24,Restoration,"Tonight, stop replaying it.","Lord, bring restoration to the relationship that's been strained too long.",The God of all grace... will himself restore you.,1 Peter 5:10,God is present in the waiting as much as in the resolution.,a peaceful glow from string lights at dusk
25,God's presence,You don't have to be strong for a few hours.,"God, thank You for staying close, even in ordinary and unremarkable days.","Even though I walk through the darkest valley, I will fear no evil, for you are with me.",Psalm 23:4,"You are cared for tonight, even in circumstances you can't control.",moonlight through open shutters
26,Provision,"Tonight, just breathe.","Father, we trust You to provide for tomorrow the way You did today.","The earth is the Lord's, and everything in it.",Psalm 24:1,God's peace doesn't depend on your circumstances resolving first.,stars above a quiet coastal town
27,Identity,Let the day end gently.,"Father, help us rest tonight in being loved, not in being enough.",I have called you by name; you are mine.,Isaiah 43:1,"May you rest in being known, not in being certain.",night sky over a sleeping valley
28,Anxiety,Let the weight of today stay in today.,"Lord, take tomorrow's worries off our shoulders tonight. We hand them to You now.","Do not worry about tomorrow, for tomorrow will worry about itself.",Matthew 6:34,May your heart know a measure of peace tonight.,stars above a still alpine lake
29,Fear,Your heart deserves some rest tonight.,"Father, calm the fears that come alive at night. You are bigger than what scares us.",Perfect love drives out fear.,1 John 4:18,"May your heart rest in what is true, not just what is felt.",a quiet snowy landscape under starlight
30,Fear,"Whatever's unresolved, it can wait until you've rested.","Lord, replace fear with trust tonight, even a little at a time.",You are my hiding place; you will protect me from trouble.,Psalm 32:7,May you feel steadied enough to rest tonight.,night sky above a quiet coastal cliff
31,Anxiety,"Tonight, trust is enough.","Father, quiet the what-ifs. We don't want to rehearse worst-case scenarios anymore tonight.",Cast your cares on the Lord and he will sustain you.,Psalm 55:22,May you feel less alone in the quiet tonight.,a peaceful moonlit meadow
32,Purpose,Let tonight be lighter than today.,"Father, for the season that feels aimless, remind us You're still working.",Love the Lord your God with all your heart and with all your soul and with all your mind.,Matthew 22:37,May your heart soften enough to rest tonight.,quiet starlight over still farmland
33,Protection,Whatever's still unresolved can wait until morning.,"Lord, watch over us and those we love through the night.","God is our refuge and strength, an ever-present help in trouble.",Psalm 46:1,God's mercy meets us new again tomorrow.,a calm night over still wetlands
34,Financial pressure,"Tonight, let peace have the last word.","Lord, we release our financial worries tonight. Help us trust Your provision.","Seek first his kingdom and his righteousness, and all these things will be given to you as well.",Matthew 6:33,"Whatever the outcome, God remains present with you.",moonlight on a quiet stone courtyard
35,Hope,"Before you sleep, a quiet word for your heart.","God, let hope outlast tonight's discouragement.",Before they call I will answer; while they are still speaking I will hear.,Isaiah 65:24,"God sees what you're going through, even in the quiet.",a quiet library window at night
36,Humility,"Tonight, let your defenses down for a while.","Father, help us see ourselves and others honestly tonight.","Not to us, Lord, not to us but to your name be the glory.",Psalm 115:1,May God's presence give you peace tonight. 🤍,moonlight settling on a still countryside
37,Purpose,Let tomorrow stay tomorrow's problem.,"Father, help us not measure purpose by how productive today was.","For we are God's handiwork, created in Christ Jesus to do good works.",Ephesians 2:10,God's presence is not conditional on how today went.,a peaceful riverside at dusk
38,Wisdom,Tonight isn't for solving. It's for resting.,"Father, help us discern what's actually wise, not just what's easiest.","Teach us to number our days, that we may gain a heart of wisdom.",Psalm 90:12,"You are seen tonight, even in the parts you keep hidden.",a calm night sky over wheat fields
39,Faith,"Tonight, exhale.","Lord, help our small faith be enough tonight.","Continue to live your lives in him, rooted and built up in him.",Colossians 2:6,God is present in both the easy nights and the hard ones.,a peaceful moonlit courtyard
40,Tomorrow,Don't carry this into tomorrow.,"Lord, let tonight's rest prepare us for whatever tomorrow requires.",He has made everything beautiful in its time.,Ecclesiastes 3:11,"May you release what you can, and trust Him with the rest.",night sky reflected in a rice paddy
41,Tomorrow,"Before you rest, one honest moment.","Father, for the hard day ahead tomorrow, give us grace before it starts.",All the days ordained for me were written in your book before one of them came to be.,Psalm 139:16,God's presence doesn't require you to feel strong tonight.,soft night sky over rolling farmland
42,Healing,You're not behind. You're just tired.,"God, for the ones fighting illness tonight, be their strength.","He has sent me to bind up the brokenhearted, to proclaim freedom for the captives.",Isaiah 61:1,May you feel a little less burdened as you close your eyes.,night mist settling over calm water
43,Grief,Tomorrow can wait. Rest first.,"Father, for hearts still aching from loss, be their comfort tonight.",He will wipe every tear from their eyes.,Revelation 21:4,God hears the prayers you cannot put into words.,a peaceful mountain silhouette at night
44,Marriage,Give God what you cannot control.,"Father, thank You for our spouse. Protect that bond tonight.","Love one another. As I have loved you, so you must love one another.",John 13:34,You are not alone in whatever this season holds.,moonlight through gently swaying curtains
45,Transitions,You don't have to pretend tonight went fine.,"God, steady us in this unfamiliar season.",I will give you a new heart and put a new spirit in you.,Ezekiel 36:26,May tonight bring whatever rest is possible.,stars scattered across a clear night sky
46,Difficult decisions,You're allowed to not have it figured out yet.,"Father, quiet the back-and-forth in our minds. Lead us toward the right choice.","Yet not as I will, but as you will.",Matthew 26:39,"Whatever the night holds, God has not looked away.",night sky through an open window
47,God's presence,Let today go. Tomorrow is new.,"Lord, in the stillness of tonight, remind us You're near.","Remain in me, as I also remain in you.",John 15:4,May tonight be a little gentler than today was.,a starlit hilltop overlook
48,Difficult decisions,"Before sleep, let your mind slow down.","Lord, we don't want to rush this. Help us wait for Your clarity, not our impatience.","If any of you lacks wisdom, you should ask God, who gives generously to all.",James 1:5,May you rest knowing you are not forgotten.,a gentle glow from a porch lantern
49,Joy,"Before sleep comes, a moment of honesty.","Lord, for the heaviness that's dimmed our joy lately, lighten it tonight.","The fruit of the Spirit is love, joy, peace, forbearance, kindness, goodness, faithfulness.",Galatians 5:22,"May you find rest for your body, even if your mind is still busy.",a still pond under a starlit sky
50,Provision,You did what you could today.,"Father, thank You for the provision we almost overlooked today.",Give us today our daily bread.,Matthew 6:11,You're invited to bring tonight exactly as it is to God.,a calm harbor with boat lights at dusk
51,Provision,Rest isn't giving up. It's trusting.,"Father, remind us tonight that You see exactly what we need.","Every good and perfect gift is from above, coming down from the Father of the heavenly lights.",James 1:17,May a measure of peace find you tonight.,quiet stars over a desert canyon
52,New beginnings,You don't need all the answers tonight.,"Father, let tonight's sleep be a bridge to a new beginning tomorrow.",Do not despise these small beginnings.,Zechariah 4:10,May your heart find rest in God's presence tonight.,a soft glow beneath a covered porch
53,Purpose,You don't have to solve everything tonight.,"God, give us a sense of purpose again for tomorrow.",Offer your bodies as a living sacrifice — this is your true and proper worship.,Romans 12:1,God's presence doesn't wait for us to have it together.,stars above a quiet olive grove
54,Fear,"Tonight, you're allowed to just exist without fixing anything.","Lord, quiet the fear that's been loud today. Remind us we don't face it alone.",The Lord is my light and my salvation — whom shall I fear?,Psalm 27:1,"May peace visit you tonight, even uninvited.",moonlight through an old church window
55,Grace,You have carried enough for today.,"Lord, thank You for loving us on the hard days, not just the good ones.",He has clothed me with garments of salvation.,Isaiah 61:10,"You are held in God's care, even in uncertainty.",a moonlit forest path
56,Contentment,Before you close your eyes...,"God, quiet the voice that says we need more to be okay.",Being rooted and established in love.,Ephesians 3:17,"God's mercy doesn't run out, even on the hardest days.",a peaceful glow from a bedside candle
57,Peace,God is still awake with you.,"God, calm what's stirring in us. We don't need to feel in control, just peaceful.","You will keep in perfect peace those whose minds are steadfast, because they trust in you.",Isaiah 26:3,"May your spirit find quiet, even amid noise.",a soft glow from a nightlight
58,God's presence,Before your eyes close...,"Lord, remind us You're here tonight, even in the quiet.","By him we cry, 'Abba, Father.'",Romans 8:15,"God's peace is available, even without full understanding.",quiet night rain on a tin roof
59,Confidence,Rest is not a reward you have to earn.,"Lord, for the moment tomorrow when we'll doubt ourselves, remind us of Your strength.",This is the confidence we have in approaching God.,1 John 5:14,May your heart find a little stillness before sleep.,a quiet night sky over sand dunes
60,Work,"Tonight, let your guard down.","Lord, ease the pressure of tomorrow's responsibilities. Give us strength before we need it.","Whatever you do, work at it with all your heart, as working for the Lord.",Colossians 3:23,"Whatever tonight looks like for you, may it include some peace.",night sky above a quiet monastery
61,Gratitude,Let tonight be the exhale after a long day.,"Lord, before we sleep, thank You for today, even the hard parts.",Enter his gates with thanksgiving and his courts with praise.,Psalm 100:4,"Whatever this season holds, you are not walking it unseen.",a quiet beach at night with soft waves
62,Unanswered prayers,"Tonight, let the noise settle.","Lord, we release the outcome to You tonight, even without the answer yet.",They are new every morning; great is your faithfulness.,Lamentations 3:23,God's compassion reaches into whatever you're facing.,a gentle glow through paper lanterns
63,Strength,"Whatever tomorrow holds, God's already there.","God, help us keep going tonight, even though today asked more of us than we had.",He gives strength to the weary and increases the power of the weak.,Psalm 40:29,"May tonight's quiet be a place of rest, not more worry.",a soft glow over sleeping hillside homes
64,Anxiety,You don't have to finish worrying tonight.,"Lord, still the racing thoughts. Worry hasn't fixed anything yet, but You have.","And the peace of God, which transcends all understanding, will guard your hearts and your minds in Christ Jesus.",Philippians 4:7,"Whatever you couldn't finish today, tomorrow is still ahead.",a quiet church glowing at night
65,Community,"Whatever happened today, remember this.","Lord, remind us we weren't meant to walk through hard seasons alone.","Clothe yourselves with compassion, kindness, humility, gentleness and patience.",Colossians 3:12,"Whatever weighs on you, God already knows.",night sky over quiet terraced hills
66,God's presence,God saw everything today. He's not surprised.,"Father, when the room feels empty tonight, remind us it isn't.",God is love.,1 John 4:16,"Whatever tonight is like for you, God is present in it.",moonlight through tall pine trees
67,Unanswered prayers,"Tonight, be still.","Father, for the prayer we've prayed a hundred times, help us pray it once more.","Man shall not live on bread alone, but on every word that comes from the mouth of God.",Matthew 4:4,"Whatever tonight holds, you have not been left to face it alone.",peaceful city lights seen from a distance at night
68,Joy,Nothing left to fix tonight.,"Father, help us notice the small joys we tend to rush past.",You will fill me with joy in your presence.,Psalm 16:11,"You are held in God's attention tonight, whatever that means for you.",night sky reflected in a calm harbor
69,Hope,You don't have to hold this alone.,"Lord, renew our hope tonight, even in the waiting.",Now faith is confidence in what we hope for and assurance about what we do not see.,Hebrews 11:1,"Whatever tomorrow brings, may God give you strength for it.",night sky above a peaceful sleeping city
70,Financial pressure,"Tonight, hand over the whole day.","God, for anyone lying awake over money tonight, give peace that isn't tied to a number.","Honor the Lord with your wealth, with the firstfruits of all your crops.",Proverbs 3:9,"God is present with you, whatever this night looks like.",a quiet porch under night sky
71,New beginnings,Let your shoulders drop tonight.,"God, we welcome tomorrow's new mercies tonight, whatever today held.","Ask for the ancient paths, ask where the good way is, and walk in it.",Jeremiah 6:16,You're not required to have peace figured out — just to receive it.,moonlight settling on still garden ponds
72,Health,Before you drift off tonight...,"Father, restore what illness or exhaustion has taken from us this season.","I will restore you to health and heal your wounds, declares the Lord.",Jeremiah 30:17,"May sleep bring some relief tonight, however partial.",stars over a calm mountain pass
73,Contentment,Quiet your mind for a moment.,"God, help us be grateful for enough instead of chasing more.",The Lord will watch over your coming and going both now and forevermore.,Psalm 121:8,God meets you in the specific thing you're facing tonight.,a peaceful desert night sky
74,Grief,You survived today. That's enough.,"God, be gentle with grieving hearts tonight. Healing takes time — walk with them.",Surely he took up our pain and bore our suffering.,Isaiah 53:4,"Whatever tomorrow requires, may today's rest help prepare you.",gentle rain against a windowpane
75,Restoration,You don't need tonight to make sense of everything.,"Father, renew our sense of purpose, even in this ordinary season.","Heal me, Lord, and I will be healed; save me and I will be saved.",Jeremiah 17:14,You don't have to have it all figured out tonight.,moonlight over calm water
76,Waiting,"Tonight, someone is still watching over you.","Lord, we're tired of waiting. Give us patience for what hasn't come yet.","The Lord is good to those whose hope is in him, to the one who seeks him.",Lamentations 3:25,"God's presence is with you in the waiting, not just the answer.",soft glow of streetlamps in light fog
77,Uncertainty,You carried a lot today. Set some of it down.,"God, hold our hearts steady in the in-between. You're not confused, even when we are.",Now we see only a reflection as in a mirror; then we shall see face to face.,1 Corinthians 13:12,"Whatever tonight asks of you, may God's strength meet you there.",moonrise behind distant clouds
78,Healing,Let tonight be soft.,"Lord, restore what's broken tonight — body, heart, or spirit.","My grace is sufficient for you, for my power is made perfect in weakness.",2 Corinthians 12:9,"God remains near, whether tonight feels good or hard.",a lantern glowing on a windowsill
79,Community,Leave this with God tonight.,"God, for the loneliness that community could ease, open a door tomorrow.","Be completely humble and gentle; be patient, bearing with one another in love.",Ephesians 4:2,"You are known and cared for, tonight and always.",moonlight on a quiet vineyard
80,Uncertainty,Before your head hits the pillow...,"God, we release the need to have it all figured out tonight.",The secret things belong to the Lord our God.,Deuteronomy 29:29,May you carry a little less into tomorrow than you did today.,a soft nightlight in a nursery
81,God's presence,"God isn't finished, but tonight you can be done.","God, thank You for never leaving, even when we forget to notice.","When you pass through the waters, I will be with you.",Isaiah 43:2,"You are not alone in this, tonight or any night.",a gentle glow along a quiet shoreline
82,Provision,Before the day fully ends...,"God, help us trust You with the gap between what we have and what we need.",The Lord is my shepherd; I lack nothing.,Psalm 23:1,"May you feel steadied, even briefly, tonight.",a peaceful dock under starlight
83,Waiting,Set the weight down here.,"God, we release our timeline into Yours tonight.",Be still before the Lord and wait patiently for him.,Psalm 37:7,May you find enough peace tonight to close your eyes.,night sky above a peaceful vineyard hill
84,Unanswered prayers,Set it down before you sleep.,"God, quiet our discouragement over prayers not yet answered.",The Spirit himself intercedes for us through wordless groans.,Romans 8:26,"May peace be possible tonight, even in a hard circumstance.",misty hills under a rising moon
85,Peace,One more breath before you rest.,"Father, let the tension in our shoulders finally let go tonight.",Let the peace of Christ rule in your hearts.,Colossians 3:15,May you sense God's nearness before you drift off.,moonlit reflections on wet cobblestone streets
86,Health,"Tonight, rest doesn't require permission from anyone but you.","Lord, for the appointment or test results we're waiting on, calm our hearts.",He heals the brokenhearted and binds up their wounds.,Psalm 147:3,God's nearness is not something you have to earn tonight.,moonlight on gentle ocean swells
87,Healing,You made it to tonight. Let that be enough.,"Father, touch the pain that doesn't go away. Bring relief, even a little, tonight.",He restores my soul.,Psalm 23:3,God's grace meets you in the middle of an unfinished day.,soft light through a bedroom window
88,Grief,Before you sleep tonight...,"Father, for the anniversary of loss that's harder than other nights, be close.","As a mother comforts her child, so will I comfort you.",Isaiah 66:13,"May tonight's rest be a gift, however small.",a soft glow through frosted glass
89,Gratitude,Let go of today's weight.,"God, thank You for carrying us through today's challenges.","I will give thanks to you, Lord, with all my heart.",Psalm 9:1,You don't have to pretend tonight. God already knows.,a single star breaking through clouds
90,God's presence,You made it through today.,"Lord, remind us tonight that we're never truly alone.",I have loved you with an everlasting love.,Jeremiah 31:3,God walks with you into whatever tomorrow holds.,moonlight over a sleeping orchard
91,Grief,You don't owe tonight any more effort.,"Lord, be near to the grieving tonight. Comfort what words can't fix.","Blessed are those who mourn, for they will be comforted.",Matthew 5:4,"May you find rest for your mind, even if just for a while.",an open Bible beside a soft bedside lamp
92,Restoration,"Before you sleep, remember who's holding you.","Lord, for what's been broken for a long time, begin restoring it tonight.",The God of all grace... will himself restore you.,1 Peter 5:10,"May rest come, even if it's imperfect tonight.",soft light spilling from a farmhouse window
93,Direction,Tonight isn't asking anything more of you.,"Lord, guide our steps tomorrow, especially where we feel lost.",The Lord himself goes before you and will be with you; he will never leave you nor forsake you.,Deuteronomy 31:8,You're not carrying this by your own strength alone.,night mist over a still meadow
94,Family,"Tonight, set down what isn't yours to fix.","Lord, hold our families together, even the ones in hard seasons right now.","Unless the Lord builds the house, the builders labor in vain.",Psalm 127:1,"May His nearness be enough tonight, even without answers.",a candle flickering in a dark room
95,Encouragement,This is your permission to rest.,"Father, for the one who needs a reminder they're not failing, be that reminder.",Let us consider how we may spur one another on toward love and good deeds.,Hebrews 10:24,Rest is not a reward you have to earn tonight.,stars reflected in a slow river
96,Difficult decisions,This is the pause your heart needed.,"God, for the hard choice ahead, give wisdom we don't have on our own.","Commit to the Lord whatever you do, and he will establish your plans.",Proverbs 16:3,May God's peace meet you exactly where you are.,a starlit country road
97,Forgiveness,Before sleep finds you...,"Lord, release the weight of unforgiveness, toward others and toward ourselves.","If we confess our sins, he is faithful and just and will forgive us our sins.",1 John 1:9,"Whatever silence you're sitting in, God is not silent toward you.",stars over a calm bay
98,Direction,You made it here. That's not nothing.,"Father, for the path that isn't clear yet, light the next step only.","Be kind and compassionate to one another, forgiving each other, just as in Christ God forgave you.",Ephesians 4:32,You are not required to be okay tonight — just to be honest.,a soft lantern-lit garden path
99,Unanswered prayers,"Before you sleep, a small reminder.","Father, we trust Your timing, even when the wait feels long.","Truly I tell you, if you have faith as small as a mustard seed, nothing will be impossible for you.",Matthew 17:20,"God's love holds steady, whatever tonight's circumstances are.",a peaceful lighthouse at night
100,Courage,You don't have to carry tomorrow yet either.,"Father, for the brave step we need to take, give us strength tonight.",Be on your guard; stand firm in the faith; be courageous; be strong.,1 Corinthians 16:13,"May peace be with you tonight, whatever tonight holds.",stars above a peaceful hillside village
101,New beginnings,Hand it over. All of it.,"Lord, let today's mistakes end here. Tomorrow is new.","What he opens no one can shut, and what he shuts no one can open.",Revelation 3:7,Rest as much as you can. God is near.,a quiet ocean under moonlight
102,Guidance,"Whatever tonight looks like, you're not facing it unseen.","God, for the decision looming over us, guide our hearts toward wisdom.",Let us then approach God's throne of grace with confidence.,Hebrews 4:16,"Whatever you're facing, you are not facing it unseen by God.",a quiet chapel window glowing softly
103,Hope,Rest tonight. Really rest.,"Father, for anyone who feels hopeless tonight, remind them this isn't the end.","We have this hope as an anchor for the soul, firm and secure.",Hebrews 6:19,"God is not far from you tonight, even if He feels quiet.",soft candle glow beside a closed book
104,New beginnings,"Tonight, let your heart go quiet.","Lord, let tonight close one chapter and tomorrow gently open the next.","Therefore, if anyone is in Christ, the new creation has come: The old has gone, the new is here!",2 Corinthians 5:17,You do not have to carry everything alone.,moonlight filtering through curtains
105,Financial pressure,Let this be where today ends.,"Lord, quiet our financial fears tonight. Help us believe You see our situation.",And my God will meet all your needs according to the riches of his glory in Christ Jesus.,Philippians 4:19,May tonight offer whatever rest your heart can receive.,moonrise over a calm inland sea
106,Uncertainty,You're allowed to stop carrying it now.,"Lord, quiet the uncertainty. We don't need every answer, just enough trust for today.",Trust in the Lord with all your heart and lean not on your own understanding.,Proverbs 3:5,"May you feel God's nearness, even in the hard moments.",stars framed by silhouetted trees
107,Wisdom,"Tonight, lay it all down.","Lord, for the advice we need to give tomorrow, give us wisdom to say it well.","Teach us to number our days, that we may gain a heart of wisdom.",Psalm 90:12,May a measure of comfort reach you tonight.,stars over a snow-covered field
108,Wisdom,You made it through something today. Acknowledge that.,"Lord, quiet our own opinions long enough to hear Yours.","If any of you lacks wisdom, you should ask God, who gives generously to all.",James 1:5,"May His presence be your comfort, whatever tonight brings.",moonlight on a calm lakeside cabin
109,Relationships,One more thing before you rest...,"Lord, mend what's broken between us and the people we love.",Love your neighbor as yourself.,Mark 12:31,God's love for you doesn't depend on how today went.,a soft glow from a fireplace at night
110,Courage,You've done enough for one day.,"Lord, let tonight's rest prepare us to be brave tomorrow.",No weapon forged against you will prevail.,Isaiah 54:17,May you sense that you are not facing this completely alone.,night sky reflected in still water
111,Forgiveness,"Tonight, let go of what you can't hold onto anyway.","Father, for the grudges we're carrying, help us let them go.",Forgive as the Lord forgave you.,Colossians 3:13,"You're invited to rest, not required to have resolved everything.",a soft-lit hallway at night
112,Uncertainty,"Before sleep, a moment for your heart.","Lord, we don't know what tomorrow holds, but You do. Help us rest in that.","My thoughts are not your thoughts, neither are your ways my ways.",Isaiah 55:8,"God remains present, even in seasons that don't make sense yet.",stars scattered above quiet rooftiles
113,Difficult decisions,You made it to the end of today.,"God, give peace about the decision ahead, even before the answer is clear.",Commit your way to the Lord; trust in him and he will act.,Psalm 37:5,"God's compassion doesn't run out, tonight or tomorrow.",moonlight through sheer curtains
114,Community,"Tonight, stop replaying it.","Father, for the friend we haven't reached out to in a while, nudge us toward them.","Encourage the disheartened, help the weak, be patient with everyone.",1 Thessalonians 5:14,"Whatever you're carrying, may it feel lighter tonight.",moonlight filtering through a greenhouse
115,Disappointment,You don't have to be strong for a few hours.,"Father, when things didn't go how we hoped today, remind us You're still working.",And we know that in all things God works for the good of those who love him.,Romans 8:28,God is present in the waiting as much as in the resolution.,a quiet stone bridge under starlight
116,Family,"Tonight, just breathe.","God, watch over our children tonight, wherever they are sleeping.",He tends his flock like a shepherd: He gathers the lambs in his arms and carries them close to his heart.,Isaiah 40:11,"You are cared for tonight, even in circumstances you can't control.",a silhouette beneath a starry sky
117,Loneliness,Let the day end gently.,"Father, we don't want to feel forgotten tonight. Remind us we're not.","And surely I am with you always, to the very end of the age.",Matthew 28:20,God's peace doesn't depend on your circumstances resolving first.,a soft glow along an empty night pier
118,Disappointment,Let the weight of today stay in today.,"God, help our hope survive today's disappointment.",Our light and momentary troubles are achieving for us an eternal glory that far outweighs them all.,2 Corinthians 4:17,"May you rest in being known, not in being certain.",quiet night sky above a still canal
119,Purpose,Your heart deserves some rest tonight.,"God, remind us that faithfulness in small things still counts.","For I know the plans I have for you, declares the Lord, plans to prosper you and not to harm you, plans to give you hope and a future.",Jeremiah 29:11,May your heart know a measure of peace tonight.,soft glow of dusk settling over hills
120,Transitions,"Whatever's unresolved, it can wait until you've rested.","Lord, for the goodbye we're still processing, comfort us tonight.","For we live by faith, not by sight.",2 Corinthians 5:7,"May your heart rest in what is true, not just what is felt.",quiet night sky above still sand dunes
121,Community,"Tonight, trust is enough.","God, help us not withdraw from community when we need it most.","Love one another. As I have loved you, so you must love one another.",John 13:34,May you feel steadied enough to rest tonight.,moonlit clouds over a still lake
122,Identity,Let tonight be lighter than today.,"God, help us believe what You say about us more than what we tell ourselves.","You have searched me, Lord, and you know me.",Psalm 139:1,May you feel less alone in the quiet tonight.,clouds drifting under a full moon
123,Grace,Whatever's still unresolved can wait until morning.,"Father, remind us tonight that Your grace covers what we got wrong today.","For it is by grace you have been saved, through faith.",Ephesians 2:8,May your heart soften enough to rest tonight.,a soft glow along a quiet forest trail
124,Guidance,"Tonight, let peace have the last word.","Lord, direct our steps tomorrow, even in the small choices.","Come to me, all you who are weary and burdened, and I will give you rest.",Matthew 11:28,God's mercy meets us new again tomorrow.,a quiet balcony overlooking city lights
125,Humility,"Before you sleep, a quiet word for your heart.","Lord, for the moment today we responded with pride instead of grace, forgive us.",Act justly and to love mercy and to walk humbly with your God.,Micah 6:8,"Whatever the outcome, God remains present with you.",a gentle glow from a distant window
126,Restoration,"Tonight, let your defenses down for a while.","Father, renew the parts of our hearts that have grown tired.",Cast all your anxiety on him because he cares for you.,1 Peter 5:7,"God sees what you're going through, even in the quiet.",stars framed by a mountain ridge
127,Disappointment,Let tomorrow stay tomorrow's problem.,"Lord, for the disappointments of today, help us not carry them into tomorrow.",Give thanks in all circumstances.,1 Thessalonians 5:18,May God's presence give you peace tonight. 🤍,moonlight through an open barn door
128,Perseverance,Tonight isn't for solving. It's for resting.,"Lord, give us strength to keep going, even when today felt like too much.","Let us not become weary in doing good, for at the proper time we will reap a harvest.",Galatians 6:9,God's presence is not conditional on how today went.,a tranquil garden under moonlight
129,Patience,"Tonight, exhale.","Father, we're tired of rushing. Teach us to wait well tonight.",Wait for the Lord; be strong and take heart and wait for the Lord.,Psalm 27:14,"You are seen tonight, even in the parts you keep hidden.",soft blue hour light before full dark
130,Joy,Don't carry this into tomorrow.,"God, plant joy in us tonight that doesn't depend on our circumstances.","The fruit of the Spirit is love, joy, peace, forbearance, kindness, goodness, faithfulness.",Galatians 5:22,God is present in both the easy nights and the hard ones.,night sky reflected on wet pavement
131,Family,"Before you rest, one honest moment.","Lord, watch over our families tonight, near and far.","As for me and my household, we will serve the Lord.",Joshua 24:15,"May you release what you can, and trust Him with the rest.",moonlight on quiet cobblestones
132,Uncertainty,You're not behind. You're just tired.,"Father, for the unclear season we're in, help us rest in who You are.","Do not be anxious about anything, but in every situation, by prayer and petition, present your requests to God.",Philippians 4:6,God's presence doesn't require you to feel strong tonight.,a calm night sky above rooftops
133,Purpose,Tomorrow can wait. Rest first.,"Father, for the calling we've lost sight of, help us see it again.","The thief comes only to steal and kill and destroy; I have come that they may have life, and have it to the full.",John 10:10,May you feel a little less burdened as you close your eyes.,night sky above quiet terraced rice fields
134,Renewal,Give God what you cannot control.,"Lord, let sleep tonight be a genuine reset, not just a pause.",The steadfast love of the Lord never ceases; his mercies never come to an end.,Lamentations 3:22,God hears the prayers you cannot put into words.,moonlight settling over a quiet harbor town
135,Direction,You don't have to pretend tonight went fine.,"Father, for the direction we're unsure of, make it plain in Your timing.",Whoever can be trusted with very little can also be trusted with much.,Luke 16:10,You are not alone in whatever this season holds.,stars above a quiet campsite
136,Patience,You're allowed to not have it figured out yet.,"God, give us patience for tomorrow's frustrations before they even arrive.",I can do all this through him who gives me strength.,Philippians 4:13,May tonight bring whatever rest is possible.,moonrise over distant mountains
137,Emotional exhaustion,Let today go. Tomorrow is new.,"Lord, quiet the exhaustion that isn't just physical. Renew our spirits as we sleep.","For when I am weak, then I am strong.",2 Corinthians 12:10,"Whatever the night holds, God has not looked away.",quiet starlight above a sleeping garden
138,Courage,"Before sleep, let your mind slow down.","God, help our courage outlast our fear tomorrow.","Be strong and courageous, for the Lord your God goes with you.",Deuteronomy 31:6,May tonight be a little gentler than today was.,night fog rolling over hills
139,Loneliness,"Before sleep comes, a moment of honesty.","Father, fill tonight's quiet with the awareness that we're not actually by ourselves.",I have called you by name; you are mine.,Isaiah 43:1,May you rest knowing you are not forgotten.,gentle moonlight over a sleeping town
140,Relationships,You did what you could today.,"Father, heal what's strained in our relationships. Give us patience and love.",Being rooted and established in love.,Ephesians 3:17,"May you find rest for your body, even if your mind is still busy.",stars visible through a skylight
141,Relationships,Rest isn't giving up. It's trusting.,"God, help us love the people in our lives well, even when it's hard.","Clothe yourselves with compassion, kindness, humility, gentleness and patience.",Colossians 3:12,You're invited to bring tonight exactly as it is to God.,stars scattered over quiet moorland
142,Relationships,You don't need all the answers tonight.,"Father, for the friendship that's grown distant, help us know how to reach out.","Be completely humble and gentle; be patient, bearing with one another in love.",Ephesians 4:2,May a measure of peace find you tonight.,a peaceful glow from string lights at dusk
143,Faith,You don't have to solve everything tonight.,"God, let tonight's rest be an act of faith — trusting You with what we can't control.",Love the Lord your God with all your heart and with all your soul and with all your mind.,Matthew 22:37,May your heart find rest in God's presence tonight.,moonlight through open shutters
144,Courage,"Tonight, you're allowed to just exist without fixing anything.","Lord, for whatever tomorrow requires courage for, give it to us as we rest.",The Lord is my light and my salvation — whom shall I fear?,Psalm 27:1,God's presence doesn't wait for us to have it together.,stars above a quiet coastal town
145,Difficult decisions,You have carried enough for today.,"Father, for the crossroads we're standing at, make the way plain.","Yet not as I will, but as you will.",Matthew 26:39,"May peace visit you tonight, even uninvited.",night sky over a sleeping valley
146,Protection,Before you close your eyes...,"Lord, guard our hearts and minds tonight from fear and harm.",You are my hiding place; you will protect me from trouble.,Psalm 32:7,"You are held in God's care, even in uncertainty.",stars above a still alpine lake
147,Guidance,God is still awake with you.,"Father, for the path we can't see yet, trust us to take just the next step.",Cast your cares on the Lord and he will sustain you.,Psalm 55:22,"God's mercy doesn't run out, even on the hardest days.",a quiet snowy landscape under starlight
148,Peace,Before your eyes close...,"Father, wrap peace around the parts of today that still feel unfinished.","You will keep in perfect peace those whose minds are steadfast, because they trust in you.",Isaiah 26:3,"May your spirit find quiet, even amid noise.",night sky above a quiet coastal cliff
149,Health,Rest is not a reward you have to earn.,"Lord, be with the body that's tired tonight in ways rest alone won't fix.","He has sent me to bind up the brokenhearted, to proclaim freedom for the captives.",Isaiah 61:1,"God's peace is available, even without full understanding.",a peaceful moonlit meadow
150,Restoration,"Tonight, let your guard down.","Father, for the dream that feels lost, restore our hope in it.",He restores my soul.,Psalm 23:3,May your heart find a little stillness before sleep.,quiet starlight over still farmland
151,Grace,Let tonight be the exhale after a long day.,"Lord, thank You for grace we didn't earn today.","But God demonstrates his own love for us in this: While we were still sinners, Christ died for us.",Romans 5:8,"Whatever tonight looks like for you, may it include some peace.",a calm night over still wetlands
152,Humility,"Tonight, let the noise settle.","Lord, soften the parts of us that resist correction.","Not to us, Lord, not to us but to your name be the glory.",Psalm 115:1,"Whatever this season holds, you are not walking it unseen.",moonlight on a quiet stone courtyard
153,Humility,"Whatever tomorrow holds, God's already there.","Lord, humble our hearts tonight where pride has crept in.",He guides the humble in what is right and teaches them his way.,Psalm 25:9,God's compassion reaches into whatever you're facing.,a quiet library window at night
154,Health,You don't have to finish worrying tonight.,"Father, be near to anyone managing pain tonight that won't fully go away.",I will give you a new heart and put a new spirit in you.,Ezekiel 36:26,"May tonight's quiet be a place of rest, not more worry.",moonlight settling on a still countryside
155,Trust,"Whatever happened today, remember this.","Lord, let trust replace worry as we close our eyes tonight.",All the days ordained for me were written in your book before one of them came to be.,Psalm 139:16,"Whatever you couldn't finish today, tomorrow is still ahead.",a peaceful riverside at dusk
156,Family,God saw everything today. He's not surprised.,"Lord, protect the ones we love, and soften the tension we haven't resolved yet.","By him we cry, 'Abba, Father.'",Romans 8:15,"Whatever weighs on you, God already knows.",a calm night sky over wheat fields
157,Unanswered prayers,"Tonight, be still.","Father, we don't understand the silence, but we trust You're still listening.",Ask and it will be given to you; seek and you will find.,Matthew 7:7,"Whatever tonight is like for you, God is present in it.",a peaceful moonlit courtyard
158,Renewal,Nothing left to fix tonight.,"Father, thank You that Your mercies are new every single morning.",They are new every morning; great is your faithfulness.,Lamentations 3:23,"Whatever tonight holds, you have not been left to face it alone.",night sky reflected in a rice paddy
159,Marriage,You don't have to hold this alone.,"God, help us love our spouse better tomorrow than we did today.","A friend loves at all times, and a brother is born for a time of adversity.",Proverbs 17:17,"You are held in God's attention tonight, whatever that means for you.",soft night sky over rolling farmland
160,Provision,"Tonight, hand over the whole day.","Lord, quiet the fear of not having enough. You've never once failed us.",Give us today our daily bread.,Matthew 6:11,"Whatever tomorrow brings, may God give you strength for it.",night mist settling over calm water
161,Gratitude,Let your shoulders drop tonight.,"Father, thank You for getting us through today. Help us notice Your hand in it.","Give thanks to the Lord, for he is good; his love endures forever.",Psalm 107:1,"God is present with you, whatever this night looks like.",a peaceful mountain silhouette at night
162,Strength,Before you drift off tonight...,"Father, for tomorrow's hard conversation, give us strength before we need it.",He gives strength to the weary and increases the power of the weak.,Psalm 40:29,You're not required to have peace figured out — just to receive it.,moonlight through gently swaying curtains
163,Waiting,Quiet your mind for a moment.,"Father, for the phone call we're still waiting on, give us peace tonight.","The Lord is good to those whose hope is in him, to the one who seeks him.",Lamentations 3:25,"May sleep bring some relief tonight, however partial.",stars scattered across a clear night sky
164,Family,You survived today. That's enough.,"Father, thank You for the people we call family. Keep them safe tonight.","Unless the Lord builds the house, the builders labor in vain.",Psalm 127:1,God meets you in the specific thing you're facing tonight.,night sky through an open window
165,Family,You don't need tonight to make sense of everything.,"God, mend what's broken in how we relate to the people closest to us.",Train up a child in the way he should go; even when he is old he will not depart from it.,Proverbs 22:6,"Whatever tomorrow requires, may today's rest help prepare you.",a starlit hilltop overlook
166,Trust,"Tonight, someone is still watching over you.","Lord, help us trust You more tonight than we did this morning.","The Lord is my strength and my shield; my heart trusts in him, and he helps me.",Psalm 28:7,You don't have to have it all figured out tonight.,a gentle glow from a porch lantern
167,Faith,You carried a lot today. Set some of it down.,"Lord, grow our trust in You, even in the waiting and the unknown.",Pray continually.,1 Thessalonians 5:17,"God's presence is with you in the waiting, not just the answer.",a still pond under a starlit sky
168,Family,Let tonight be soft.,"Father, heal what's strained between us and the people we love.","Sons are a heritage from the Lord, children a reward from him.",Psalm 127:3,"Whatever tonight asks of you, may God's strength meet you there.",a calm harbor with boat lights at dusk
169,Encouragement,Leave this with God tonight.,"Lord, encourage the heart that feels discouraged tonight.",Let us consider how we may spur one another on toward love and good deeds.,Hebrews 10:24,"God remains near, whether tonight feels good or hard.",quiet stars over a desert canyon
170,New beginnings,Before your head hits the pillow...,"Father, for the fresh start we're hoping for, help us actually believe it's possible.","What he opens no one can shut, and what he shuts no one can open.",Revelation 3:7,"You are known and cared for, tonight and always.",a soft glow beneath a covered porch
171,Trust,"God isn't finished, but tonight you can be done.","Father, where we've held on too tightly, help us trust You to hold it instead.",The Lord is my shepherd; I lack nothing.,Psalm 23:1,May you carry a little less into tomorrow than you did today.,stars above a quiet olive grove
172,Renewal,Before the day fully ends...,"Father, breathe new life into the part of us that feels stuck.","Though outwardly we are wasting away, yet inwardly we are being renewed day by day.",2 Corinthians 4:16,"You are not alone in this, tonight or any night.",moonlight through an old church window
173,Waiting,Set the weight down here.,"Father, for the answers still delayed, help us trust Your timing tonight.",Be still before the Lord and wait patiently for him.,Psalm 37:7,"May you feel steadied, even briefly, tonight.",a moonlit forest path
174,Grace,Set it down before you sleep.,"Father, help us rest in grace instead of striving tonight.","My grace is sufficient for you, for my power is made perfect in weakness.",2 Corinthians 12:9,May you find enough peace tonight to close your eyes.,a peaceful glow from a bedside candle
175,Unanswered prayers,One more breath before you rest.,"God, for the prayer we've almost stopped praying, give us strength to keep going.",The Spirit himself intercedes for us through wordless groans.,Romans 8:26,"May peace be possible tonight, even in a hard circumstance.",a soft glow from a nightlight
176,Hope,"Tonight, rest doesn't require permission from anyone but you.","Father, for the tired and discouraged tonight, renew hope before sleep.",Surely your goodness and love will follow me all the days of my life.,Psalm 23:6,May you sense God's nearness before you drift off.,quiet night rain on a tin roof
177,Hope,You made it to tonight. Let that be enough.,"Father, for the dream that feels delayed, keep our hope alive tonight.",Now faith is confidence in what we hope for and assurance about what we do not see.,Hebrews 11:1,God's nearness is not something you have to earn tonight.,a quiet night sky over sand dunes
178,Forgiveness,Before you sleep tonight...,"God, help us forgive ourselves tonight the way You already have.","If we confess our sins, he is faithful and just and will forgive us our sins.",1 John 1:9,God's grace meets you in the middle of an unfinished day.,night sky above a quiet monastery
179,Work,Let go of today's weight.,"God, we hand tomorrow's tasks to You. We can't do everything, but You can carry it.","Commit to the Lord whatever you do, and he will establish your plans.",Proverbs 16:3,"May tonight's rest be a gift, however small.",a quiet beach at night with soft waves
180,Trust,You made it through today.,"Father, for the outcome we can't control, help us truly let go tonight.","Some trust in chariots and some in horses, but we trust in the name of the Lord our God.",Psalm 20:7,You don't have to pretend tonight. God already knows.,a gentle glow through paper lanterns
181,Confidence,You don't owe tonight any more effort.,"Father, for the insecurity we carry, remind us who You say we are.",Let us then approach God's throne of grace with confidence.,Hebrews 4:16,God walks with you into whatever tomorrow holds.,a soft glow over sleeping hillside homes
182,Hope,"Before you sleep, remember who's holding you.","Lord, let tonight end in hope, not despair.","We have this hope as an anchor for the soul, firm and secure.",Hebrews 6:19,"May you find rest for your mind, even if just for a while.",a quiet church glowing at night
183,Patience,Tonight isn't asking anything more of you.,"God, for the timeline that feels too slow, give us patience to trust it.","Be patient, then, brothers and sisters, until the Lord's coming.",James 5:7,"May rest come, even if it's imperfect tonight.",night sky over quiet terraced hills
184,Hope,"Tonight, set down what isn't yours to fix.","Lord, when hope feels thin, be the reason we keep believing.",May the God of hope fill you with all joy and peace as you trust in him.,Romans 15:13,You're not carrying this by your own strength alone.,moonlight through tall pine trees
185,Guidance,This is your permission to rest.,"Lord, lead us gently tomorrow, especially through the hard parts.",The steps of the godly are directed by the Lord.,Psalm 37:23,"May His nearness be enough tonight, even without answers.",peaceful city lights seen from a distance at night
186,Relationships,This is the pause your heart needed.,"Lord, strengthen our relationships tonight, and help us show up better tomorrow.","Two are better than one, because they have a good return for their labor.",Ecclesiastes 4:9,Rest is not a reward you have to earn tonight.,night sky reflected in a calm harbor
187,Rest,Before sleep finds you...,"Lord, we've earned nothing, but You still offer us rest tonight.",Whoever dwells in the shelter of the Most High will rest in the shadow of the Almighty.,Psalm 91:1,May God's peace meet you exactly where you are.,night sky above a peaceful sleeping city
188,Forgiveness,You made it here. That's not nothing.,"Lord, help us release what we're holding against others tonight.","Be kind and compassionate to one another, forgiving each other, just as in Christ God forgave you.",Ephesians 4:32,"Whatever silence you're sitting in, God is not silent toward you.",a quiet porch under night sky
189,Identity,"Before you sleep, a small reminder.","Lord, remind us who we are in You, especially on the days we forget.",I have loved you with an everlasting love.,Jeremiah 31:3,You are not required to be okay tonight — just to be honest.,moonlight settling on still garden ponds
190,Renewal,You don't have to carry tomorrow yet either.,"God, we welcome a fresh start tomorrow, whatever today looked like.","Walk by the Spirit, and you will not gratify the desires of the flesh.",Galatians 5:16,"God's love holds steady, whatever tonight's circumstances are.",stars over a calm mountain pass
191,Faith,Hand it over. All of it.,"Father, for the wavering faith tonight, hold us steady.","Truly I tell you, if you have faith as small as a mustard seed, nothing will be impossible for you.",Matthew 17:20,"May peace be with you tonight, whatever tonight holds.",a peaceful desert night sky
192,Difficult decisions,"Whatever tonight looks like, you're not facing it unseen.","Father, calm the pressure of choosing. You already see which way leads forward.","In their hearts humans plan their course, but the Lord establishes their steps.",Proverbs 16:9,Rest as much as you can. God is near.,gentle rain against a windowpane
193,Anxiety,Rest tonight. Really rest.,"Father, when anxiety gets loud tonight, let Your voice be louder.",Cast all your anxiety on him because he cares for you.,1 Peter 5:7,"Whatever you're facing, you are not facing it unseen by God.",moonlight over calm water
194,Direction,"Tonight, let your heart go quiet.","Lord, when we don't know which way to go, be our compass tomorrow.",The Lord himself goes before you and will be with you; he will never leave you nor forsake you.,Deuteronomy 31:8,"God is not far from you tonight, even if He feels quiet.",soft glow of streetlamps in light fog
195,Loneliness,Let this be where today ends.,"God, for those without anyone to talk to right now, be near in the silence.","And surely I am with you always, to the very end of the age.",Matthew 28:20,You do not have to carry everything alone.,moonrise behind distant clouds
196,Marriage,You're allowed to stop carrying it now.,"Father, for the marriage under real pressure right now, be the third strand that holds.","Carry each other's burdens, and in this way you will fulfill the law of Christ.",Galatians 6:2,May tonight offer whatever rest your heart can receive.,a lantern glowing on a windowsill
197,Gratitude,"Tonight, lay it all down.","God, we're grateful tonight, even for the small things we almost missed.","I will give thanks to you, Lord, with all my heart.",Psalm 9:1,"May you feel God's nearness, even in the hard moments.",moonlight on a quiet vineyard
198,Comfort,You made it through something today. Acknowledge that.,"Father, comfort us the way only You can — deeper than words.","As a mother comforts her child, so will I comfort you.",Isaiah 66:13,May a measure of comfort reach you tonight.,a soft nightlight in a nursery
199,Identity,One more thing before you rest...,"Lord, for the identity we've built on performance, remind us it's not the real one.","Therefore, if anyone is in Christ, the new creation has come: The old has gone, the new is here!",2 Corinthians 5:17,"May His presence be your comfort, whatever tonight brings.",a gentle glow along a quiet shoreline
200,Emotional exhaustion,You've done enough for one day.,"Father, for the weight we've been carrying quietly, help us finally set it down.","He gives power to the faint, and to him who has no might he increases strength.",Isaiah 40:29,God's love for you doesn't depend on how today went.,a peaceful dock under starlight
201,Transitions,"Tonight, let go of what you can't hold onto anyway.","Father, steady our footing as things around us keep changing.",Now we see only a reflection as in a mirror; then we shall see face to face.,1 Corinthians 13:12,May you sense that you are not facing this completely alone.,night sky above a peaceful vineyard hill
202,Disappointment,"Before sleep, a moment for your heart.","Lord, let tonight's rest soften what today's letdown left behind.",And we know that in all things God works for the good of those who love him.,Romans 8:28,"You're invited to rest, not required to have resolved everything.",misty hills under a rising moon
203,Financial pressure,You made it to the end of today.,"Father, ease the weight of the bills we're worried about. Help us rest even in uncertainty.",And my God will meet all your needs according to the riches of his glory in Christ Jesus.,Philippians 4:19,"God remains present, even in seasons that don't make sense yet.",moonlit reflections on wet cobblestone streets
204,New beginnings,"Tonight, stop replaying it.","God, thank You for mercy that starts over every single day.","When you pass through the waters, I will be with you.",Isaiah 43:2,"God's compassion doesn't run out, tonight or tomorrow.",moonlight on gentle ocean swells
205,Strength,You don't have to be strong for a few hours.,"Father, we can't keep going on our own strength. Refill us tonight.","Do not fear, for I am with you; do not be dismayed, for I am your God. I will strengthen you and help you.",Isaiah 41:10,"Whatever you're carrying, may it feel lighter tonight.",soft light through a bedroom window
206,Contentment,"Tonight, just breathe.","Lord, for the restlessness we feel about our circumstances, bring contentment.",Keep your lives free from the love of money and be content with what you have.,Hebrews 13:5,God is present in the waiting as much as in the resolution.,a soft glow through frosted glass
207,Marriage,Let the day end gently.,"Lord, restore the ease that used to be there between us.","Love is patient, love is kind.",1 Corinthians 13:4,"You are cared for tonight, even in circumstances you can't control.",a single star breaking through clouds
208,Confidence,Let the weight of today stay in today.,"Father, help our identity rest in You, not in tomorrow's outcome.","Blessed is the one who trusts in the Lord, whose confidence is in him.",Jeremiah 17:7,God's peace doesn't depend on your circumstances resolving first.,moonlight over a sleeping orchard
209,Disappointment,Your heart deserves some rest tonight.,"Father, for the plan that fell through today, help us trust there's another way.",Our light and momentary troubles are achieving for us an eternal glory that far outweighs them all.,2 Corinthians 4:17,"May you rest in being known, not in being certain.",an open Bible beside a soft bedside lamp
210,Faith,"Whatever's unresolved, it can wait until you've rested.","Father, for the doubts we carry tonight, meet us there gently.",Be on your guard; stand firm in the faith; be courageous; be strong.,1 Corinthians 16:13,May your heart know a measure of peace tonight.,soft light spilling from a farmhouse window
211,New beginnings,"Tonight, trust is enough.","Father, thank You that we don't have to carry yesterday into tomorrow.",Forget the former things; do not dwell on the past.,Isaiah 43:18,"May your heart rest in what is true, not just what is felt.",night mist over a still meadow
212,Waiting,Let tonight be lighter than today.,"God, quiet our impatience tonight. You haven't forgotten what we're waiting for.","I wait for the Lord, my whole being waits, and in his word I put my hope.",Psalm 130:5,May you feel steadied enough to rest tonight.,a candle flickering in a dark room
213,Trust,Whatever's still unresolved can wait until morning.,"Lord, help us trust what we can't see and can't yet understand.",Trust in the Lord with all your heart and lean not on your own understanding.,Proverbs 3:5,May you feel less alone in the quiet tonight.,stars reflected in a slow river
214,Family,"Tonight, let peace have the last word.","Father, for the family member we're worried about tonight, be near them too.",He tends his flock like a shepherd: He gathers the lambs in his arms and carries them close to his heart.,Isaiah 40:11,May your heart soften enough to rest tonight.,a starlit country road
215,Weariness in faith,"Before you sleep, a quiet word for your heart.","God, renew our desire to seek You, even when it's felt like duty lately.",I do believe; help me overcome my unbelief!,Mark 9:24,God's mercy meets us new again tomorrow.,stars over a calm bay
216,Joy,"Tonight, let your defenses down for a while.","Father, thank You for the moment of joy we almost missed today.","Consider it pure joy, my brothers and sisters, whenever you face trials of many kinds.",James 1:2,"Whatever the outcome, God remains present with you.",a soft lantern-lit garden path
217,Transitions,Let tomorrow stay tomorrow's problem.,"Lord, guide us through this season of change. It's harder than it looks from outside.","My thoughts are not your thoughts, neither are your ways my ways.",Isaiah 55:8,"God sees what you're going through, even in the quiet.",a peaceful lighthouse at night
218,Tomorrow,Tonight isn't for solving. It's for resting.,"God, we trust tomorrow to You tonight. One day at a time is enough.","Teach us to number our days, that we may gain a heart of wisdom.",Psalm 90:12,May God's presence give you peace tonight. 🤍,stars above a peaceful hillside village
219,Protection,"Tonight, exhale.","Father, cover us tonight — physically, emotionally, spiritually.",No weapon forged against you will prevail.,Isaiah 54:17,God's presence is not conditional on how today went.,a quiet ocean under moonlight
220,Financial pressure,Don't carry this into tomorrow.,"Father, calm the fear that comes with not having enough. Remind us You've provided before.","The earth is the Lord's, and everything in it.",Psalm 24:1,"You are seen tonight, even in the parts you keep hidden.",a quiet chapel window glowing softly
221,Healing,"Before you rest, one honest moment.","God, for the slow healing that tests our patience, remind us You're still working.","May your whole spirit, soul and body be kept blameless.",1 Thessalonians 5:23,God is present in both the easy nights and the hard ones.,soft candle glow beside a closed book
222,Identity,You're not behind. You're just tired.,"God, remind us we are Yours before we are anything else.","You have searched me, Lord, and you know me.",Psalm 139:1,"May you release what you can, and trust Him with the rest.",moonlight filtering through curtains
223,Trust,Tomorrow can wait. Rest first.,"God, grow our trust in the places we still doubt.","Trust in the Lord forever, for the Lord, the Lord himself, is the Rock eternal.",Isaiah 26:4,God's presence doesn't require you to feel strong tonight.,moonrise over a calm inland sea
224,Renewal,Give God what you cannot control.,"God, renew what today wore down in us.",The steadfast love of the Lord never ceases; his mercies never come to an end.,Lamentations 3:22,May you feel a little less burdened as you close your eyes.,stars framed by silhouetted trees
225,Uncertainty,You don't have to pretend tonight went fine.,"Father, calm our hearts in the not-knowing. Your presence is enough without clarity.","For we live by faith, not by sight.",2 Corinthians 5:7,God hears the prayers you cannot put into words.,stars over a snow-covered field
226,Joy,You're allowed to not have it figured out yet.,"Father, remind us that joy and hardship can exist together.",Yet I will rejoice in the Lord.,Habakkuk 3:18,You are not alone in whatever this season holds.,moonlight on a calm lakeside cabin
227,Community,Let today go. Tomorrow is new.,"Father, help us be the kind of friend who shows up for others too.","Encourage the disheartened, help the weak, be patient with everyone.",1 Thessalonians 5:14,May tonight bring whatever rest is possible.,a soft glow from a fireplace at night
228,Grief,"Before sleep, let your mind slow down.","Lord, for the grief that doesn't fully go away, bring moments of peace tonight.","Weeping may stay for the night, but rejoicing comes in the morning.",Psalm 30:5,"Whatever the night holds, God has not looked away.",night sky reflected in still water
229,Restoration,"Before sleep comes, a moment of honesty.","Lord, restore what feels worn down in us tonight.",He restores my soul.,Psalm 23:3,May tonight be a little gentler than today was.,a soft-lit hallway at night
230,God's presence,You did what you could today.,"Father, let us feel Your closeness as we fall asleep tonight.",Where can I go from your Spirit? Where can I flee from your presence?,Psalm 139:7,May you rest knowing you are not forgotten.,stars scattered above quiet rooftiles
231,Encouragement,Rest isn't giving up. It's trusting.,"Lord, remind us tonight that small progress still counts.",Let us consider how we may spur one another on toward love and good deeds.,Hebrews 10:24,"May you find rest for your body, even if your mind is still busy.",moonlight through sheer curtains
232,Fear,You don't need all the answers tonight.,"Father, for the fear of what tomorrow's news might bring, steady us tonight.","For God has not given us a spirit of fear, but of power, love and a sound mind.",2 Timothy 1:7,You're invited to bring tonight exactly as it is to God.,moonlight filtering through a greenhouse
233,Grace,You don't have to solve everything tonight.,"God, help us extend the grace to ourselves that You've already given.","For it is by grace you have been saved, through faith.",Ephesians 2:8,May a measure of peace find you tonight.,a quiet stone bridge under starlight
234,Marriage,"Tonight, you're allowed to just exist without fixing anything.","Lord, watch over our marriage tonight, especially the parts that feel strained.","Love one another. As I have loved you, so you must love one another.",John 13:34,May your heart find rest in God's presence tonight.,a silhouette beneath a starry sky
235,Loneliness,You have carried enough for today.,"God, let tonight's stillness feel like company, not emptiness.","Be strong and courageous, for the Lord your God goes with you.",Deuteronomy 31:6,God's presence doesn't wait for us to have it together.,a soft glow along an empty night pier
236,Relationships,Before you close your eyes...,"God, soften our hearts toward the people we've been struggling with.",Being rooted and established in love.,Ephesians 3:17,"May peace visit you tonight, even uninvited.",quiet night sky above a still canal
237,Fear,God is still awake with you.,"Father, quiet the anxious fears before sleep. You are with us in the dark too.",Be strong and courageous. Do not be afraid.,Joshua 1:9,"You are held in God's care, even in uncertainty.",soft glow of dusk settling over hills
238,Fear,Before your eyes close...,"Lord, for every fear too big to say out loud tonight, You already know it.","Even though I walk through the darkest valley, I will fear no evil, for you are with me.",Psalm 23:4,"God's mercy doesn't run out, even on the hardest days.",quiet night sky above still sand dunes
239,Peace,Rest is not a reward you have to earn.,"Lord, quiet the arguments still playing in our heads from today.","Be still, and know that I am God.",Psalm 46:10,"May your spirit find quiet, even amid noise.",moonlit clouds over a still lake
240,Guidance,"Tonight, let your guard down.","Father, we don't want to lean on our own understanding tonight. Guide us instead.",He guides the humble in what is right and teaches them his way.,Psalm 25:9,"God's peace is available, even without full understanding.",clouds drifting under a full moon
241,Peace,Let tonight be the exhale after a long day.,"God, we're tired of bracing for the next thing. Let us exhale tonight.",After the fire came a gentle whisper.,1 Kings 19:12,May your heart find a little stillness before sleep.,a soft glow along a quiet forest trail
242,Perseverance,"Tonight, let the noise settle.","Father, give us one more day's worth of perseverance tomorrow.","Let us not become weary in doing good, for at the proper time we will reap a harvest.",Galatians 6:9,"Whatever tonight looks like for you, may it include some peace.",a quiet balcony overlooking city lights
243,Direction,"Whatever tomorrow holds, God's already there.","Lord, quiet our need to see the whole plan. Just show us the next step.",The joy of the Lord is your strength.,Nehemiah 8:10,"Whatever this season holds, you are not walking it unseen.",a gentle glow from a distant window
244,Contentment,You don't have to finish worrying tonight.,"Father, quiet the comparison that steals our peace.",Wait for the Lord; be strong and take heart and wait for the Lord.,Psalm 27:14,God's compassion reaches into whatever you're facing.,stars framed by a mountain ridge
245,Forgiveness,"Whatever happened today, remember this.","Father, soften our hearts toward the people we're struggling to forgive.",There is now no condemnation for those who are in Christ Jesus.,Romans 8:1,"May tonight's quiet be a place of rest, not more worry.",moonlight through an open barn door
246,Marriage,God saw everything today. He's not surprised.,"Father, renew the closeness that's drifted lately.","As for me and my household, we will serve the Lord.",Joshua 24:15,"Whatever you couldn't finish today, tomorrow is still ahead.",a tranquil garden under moonlight
247,Emotional exhaustion,"Tonight, be still.","God, for the emotionally worn-out, be gentle tonight.","For when I am weak, then I am strong.",2 Corinthians 12:10,"Whatever weighs on you, God already knows.",soft blue hour light before full dark
248,Health,Nothing left to fix tonight.,"God, restore strength to the body that's been through a hard season.","He has sent me to bind up the brokenhearted, to proclaim freedom for the captives.",Isaiah 61:1,"Whatever tonight is like for you, God is present in it.",night sky reflected on wet pavement
249,Rest,You don't have to hold this alone.,"God, let tonight's sleep be deep and undisturbed.",The Lord will fight for you; you need only to be still.,Exodus 14:14,"Whatever tonight holds, you have not been left to face it alone.",moonlight on quiet cobblestones
250,Contentment,"Tonight, hand over the whole day.","Lord, teach our hearts to rest in enough.",Whoever can be trusted with very little can also be trusted with much.,Luke 16:10,"You are held in God's attention tonight, whatever that means for you.",a calm night sky above rooftops
251,Tomorrow,Let your shoulders drop tonight.,"God, give us strength for tomorrow before we even need it.","Do not worry about tomorrow, for tomorrow will worry about itself.",Matthew 6:34,"Whatever tomorrow brings, may God give you strength for it.",night sky above quiet terraced rice fields
252,Healing,Before you drift off tonight...,"Lord, for every body and heart that needs healing tonight, bring comfort.",I will give you a new heart and put a new spirit in you.,Ezekiel 36:26,"God is present with you, whatever this night looks like.",moonlight settling over a quiet harbor town
253,Wisdom,Quiet your mind for a moment.,"God, for the wisdom we lack tonight, we ask boldly, trusting You give generously.","Ask for the ancient paths, ask where the good way is, and walk in it.",Jeremiah 6:16,You're not required to have peace figured out — just to receive it.,stars above a quiet campsite
254,Emotional exhaustion,You survived today. That's enough.,"God, for the ones running on empty, fill what's been drained today.",He gives strength to the weary and increases the power of the weak.,Psalm 40:29,"May sleep bring some relief tonight, however partial.",moonrise over distant mountains
255,Difficult decisions,You don't need tonight to make sense of everything.,"Lord, give clarity for the decision weighing on us tonight.","Yet not as I will, but as you will.",Matthew 26:39,God meets you in the specific thing you're facing tonight.,quiet starlight above a sleeping garden
256,Confidence,"Tonight, someone is still watching over you.","God, help us walk into tomorrow with confidence that isn't based on performance.",This is the confidence we have in approaching God.,1 John 5:14,"Whatever tomorrow requires, may today's rest help prepare you.",night fog rolling over hills
257,Loneliness,You carried a lot today. Set some of it down.,"Lord, for the isolation that's crept in lately, break through it tonight.",You are the God who sees me.,Genesis 16:13,You don't have to have it all figured out tonight.,gentle moonlight over a sleeping town
258,Rest,Let tonight be soft.,"Lord, teach us to actually rest tonight, not just stop moving.",Whoever dwells in the shelter of the Most High will rest in the shadow of the Almighty.,Psalm 91:1,"God's presence is with you in the waiting, not just the answer.",stars visible through a skylight
259,Direction,Leave this with God tonight.,"God, guide us tonight toward the decision we've been putting off.",The Lord himself goes before you and will be with you; he will never leave you nor forsake you.,Deuteronomy 31:8,"Whatever tonight asks of you, may God's strength meet you there.",stars scattered over quiet moorland
260,New beginnings,Before your head hits the pillow...,"Lord, thank You that tomorrow is a fresh start, no matter how today went.",He has made everything beautiful in its time.,Ecclesiastes 3:11,"God remains near, whether tonight feels good or hard.",a peaceful glow from string lights at dusk
261,Renewal,"God isn't finished, but tonight you can be done.","Lord, renew the parts of our faith that feel tired tonight.",They are new every morning; great is your faithfulness.,Lamentations 3:23,"You are known and cared for, tonight and always.",moonlight through open shutters
262,Waiting,Before the day fully ends...,"Lord, in the waiting season, remind us You're still working, even unseen.","The Lord is good to those whose hope is in him, to the one who seeks him.",Lamentations 3:25,May you carry a little less into tomorrow than you did today.,stars above a quiet coastal town
263,Patience,Set the weight down here.,"Lord, quiet our impatience with people who are still growing, including ourselves.",Be still before the Lord and wait patiently for him.,Psalm 37:7,"You are not alone in this, tonight or any night.",night sky over a sleeping valley
264,Grace,Set it down before you sleep.,"Father, for the mistake we keep replaying, remind us grace already covered it.","But God demonstrates his own love for us in this: While we were still sinners, Christ died for us.",Romans 5:8,"May you feel steadied, even briefly, tonight.",stars above a still alpine lake
265,Perseverance,One more breath before you rest.,"Lord, for the goal that feels far off, keep our resolve steady.",Let us run with perseverance the race marked out for us.,Hebrews 12:1,May you find enough peace tonight to close your eyes.,a quiet snowy landscape under starlight
266,Healing,"Tonight, rest doesn't require permission from anyone but you.","Father, for the diagnosis we're still absorbing, be near us in the fear.","My grace is sufficient for you, for my power is made perfect in weakness.",2 Corinthians 12:9,"May peace be possible tonight, even in a hard circumstance.",night sky above a quiet coastal cliff
267,Weariness in faith,You made it to tonight. Let that be enough.,"Father, help our faith feel like relationship again, not obligation.","Then you will know the truth, and the truth will set you free.",John 8:32,May you sense God's nearness before you drift off.,a peaceful moonlit meadow
268,Financial pressure,Before you sleep tonight...,"Lord, help us trust You with what we can't control financially right now.","Honor the Lord with your wealth, with the firstfruits of all your crops.",Proverbs 3:9,God's nearness is not something you have to earn tonight.,quiet starlight over still farmland
269,Perseverance,Let go of today's weight.,"God, help us keep faith with what we can't yet see finished.",Do not despise these small beginnings.,Zechariah 4:10,God's grace meets you in the middle of an unfinished day.,a calm night over still wetlands
270,Fear,You made it through today.,"God, for anyone afraid tonight, of the future, of failure, be their peace.","Do not fear, for I am with you; do not be dismayed, for I am your God. I will strengthen you and help you.",Isaiah 41:10,"May tonight's rest be a gift, however small.",moonlight on a quiet stone courtyard
271,Emotional exhaustion,You don't owe tonight any more effort.,"Father, we've given all we have today. Restore what's been poured out.","Though outwardly we are wasting away, yet inwardly we are being renewed day by day.",2 Corinthians 4:16,You don't have to pretend tonight. God already knows.,a quiet library window at night
272,Wisdom,"Before you sleep, remember who's holding you.","God, we don't want to act out of impatience. Give us wisdom to wait well.","Continue to live your lives in him, rooted and built up in him.",Colossians 2:6,God walks with you into whatever tomorrow holds.,moonlight settling on a still countryside
273,Direction,Tonight isn't asking anything more of you.,"God, we don't need the whole map, just tonight's rest and tomorrow's direction.",The Lord is close to the brokenhearted and saves those who are crushed in spirit.,Psalm 34:18,"May you find rest for your mind, even if just for a while.",a peaceful riverside at dusk
274,Forgiveness,"Tonight, set down what isn't yours to fix.","Father, for the apology we're still waiting on, help us forgive before it comes.","As far as the east is from the west, so far has he removed our transgressions from us.",Psalm 103:12,"May rest come, even if it's imperfect tonight.",a calm night sky over wheat fields
275,Work,This is your permission to rest.,"Father, for the job that's draining us right now, give wisdom and patience.","Unless the Lord builds the house, the builders labor in vain.",Psalm 127:1,You're not carrying this by your own strength alone.,a peaceful moonlit courtyard
276,Trust,This is the pause your heart needed.,"God, deepen our trust tonight, even in the waiting and uncertainty.","The Lord is my strength and my shield; my heart trusts in him, and he helps me.",Psalm 28:7,"May His nearness be enough tonight, even without answers.",night sky reflected in a rice paddy
277,Transitions,Before sleep finds you...,"God, give us courage to walk into the new season ahead.","What he opens no one can shut, and what he shuts no one can open.",Revelation 3:7,Rest is not a reward you have to earn tonight.,soft night sky over rolling farmland
278,Gratitude,You made it here. That's not nothing.,"Father, thank You for the person who helped us today without being asked.","Give thanks to the Lord, for he is good; his love endures forever.",Psalm 107:1,May God's peace meet you exactly where you are.,night mist settling over calm water
279,Weariness in faith,"Before you sleep, a small reminder.","Lord, for the distance we've felt from You, close the gap tonight.","Remain in me, as I also remain in you.",John 15:4,"Whatever silence you're sitting in, God is not silent toward you.",a peaceful mountain silhouette at night
280,Encouragement,You don't have to carry tomorrow yet either.,"God, lift the spirit that's grown weary of trying.",Train up a child in the way he should go; even when he is old he will not depart from it.,Proverbs 22:6,You are not required to be okay tonight — just to be honest.,moonlight through gently swaying curtains
281,Grace,Hand it over. All of it.,"God, we don't want to carry guilt tonight that grace already erased.",He has clothed me with garments of salvation.,Isaiah 61:10,"God's love holds steady, whatever tonight's circumstances are.",stars scattered across a clear night sky
282,Direction,"Whatever tonight looks like, you're not facing it unseen.","Father, for the crossroads ahead, walk it with us.",Pray continually.,1 Thessalonians 5:17,"May peace be with you tonight, whatever tonight holds.",night sky through an open window
283,Restoration,Rest tonight. Really rest.,"God, restore our strength as we sleep tonight.",The God of all grace... will himself restore you.,1 Peter 5:10,Rest as much as you can. God is near.,a starlit hilltop overlook
284,Patience,"Tonight, let your heart go quiet.","Lord, slow us down tonight. We don't have to rush toward rest.","Be patient, then, brothers and sisters, until the Lord's coming.",James 5:7,"Whatever you're facing, you are not facing it unseen by God.",a gentle glow from a porch lantern
285,Waiting,Let this be where today ends.,"Lord, give strength for one more day of waiting.","I wait for the Lord, my whole being waits, and in his word I put my hope.",Psalm 130:5,"God is not far from you tonight, even if He feels quiet.",a still pond under a starlit sky
286,Courage,You're allowed to stop carrying it now.,"Father, for the hard conversation we've been avoiding, give us courage to face it.",Be on your guard; stand firm in the faith; be courageous; be strong.,1 Corinthians 16:13,You do not have to carry everything alone.,a calm harbor with boat lights at dusk
287,Humility,"Tonight, lay it all down.","Father, help us walk humbly tomorrow, especially in the hard conversation ahead.",You are the salt of the earth.,Matthew 5:13,May tonight offer whatever rest your heart can receive.,quiet stars over a desert canyon
288,Disappointment,You made it through something today. Acknowledge that.,"God, ease the sting of today's letdown. Help us trust what we can't yet see.",And we know that in all things God works for the good of those who love him.,Romans 8:28,"May you feel God's nearness, even in the hard moments.",a soft glow beneath a covered porch
289,Provision,One more thing before you rest...,"Lord, for the bills due this week, give us peace and provision.",And my God will meet all your needs according to the riches of his glory in Christ Jesus.,Philippians 4:19,May a measure of comfort reach you tonight.,stars above a quiet olive grove
290,Transitions,You've done enough for one day.,"Lord, for the ending that still stings, bring healing alongside the new beginning.","Therefore, if anyone is in Christ, the new creation has come: The old has gone, the new is here!",2 Corinthians 5:17,"May His presence be your comfort, whatever tonight brings.",moonlight through an old church window
291,Grief,"Tonight, let go of what you can't hold onto anyway.","Father, comfort the ones missing someone tonight. Wrap them in Your nearness.","As a mother comforts her child, so will I comfort you.",Isaiah 66:13,God's love for you doesn't depend on how today went.,a moonlit forest path
292,Health,"Before sleep, a moment for your heart.","Lord, for the diagnosis that changed how we see tomorrow, walk with us in it.","I will restore you to health and heal your wounds, declares the Lord.",Jeremiah 30:17,May you sense that you are not facing this completely alone.,a peaceful glow from a bedside candle
293,Courage,You made it to the end of today.,"God, replace our hesitation with courage tonight.",No weapon forged against you will prevail.,Isaiah 54:17,"You're invited to rest, not required to have resolved everything.",a soft glow from a nightlight
294,Comfort,"Tonight, stop replaying it.","God, be gentle with the tender place in us tonight.","He will cover you with his feathers, and under his wings you will find refuge.",Psalm 91:4,"God remains present, even in seasons that don't make sense yet.",quiet night rain on a tin roof
295,Patience,You don't have to be strong for a few hours.,"Father, help us be patient with our own progress, however small.","Love is patient, love is kind.",1 Corinthians 13:4,"God's compassion doesn't run out, tonight or tomorrow.",a quiet night sky over sand dunes
296,Contentment,"Tonight, just breathe.","Father, help us find peace in what we have tonight, not what we lack.",Keep your lives free from the love of money and be content with what you have.,Hebrews 13:5,"Whatever you're carrying, may it feel lighter tonight.",night sky above a quiet monastery
297,Transitions,Let the day end gently.,"Father, for the transition we didn't choose, help us adjust with grace.",Now we see only a reflection as in a mirror; then we shall see face to face.,1 Corinthians 13:12,God is present in the waiting as much as in the resolution.,a quiet beach at night with soft waves
298,Strength,Let the weight of today stay in today.,"Lord, for the ones barely holding on, be their strength through the night.","He gives power to the faint, and to him who has no might he increases strength.",Isaiah 40:29,"You are cared for tonight, even in circumstances you can't control.",a gentle glow through paper lanterns
299,Perseverance,Your heart deserves some rest tonight.,"Father, for the thing we almost gave up on today, give us one more try.","Consider it pure joy, my brothers and sisters, whenever you face trials of many kinds.",James 1:2,God's peace doesn't depend on your circumstances resolving first.,a soft glow over sleeping hillside homes
300,Healing,"Whatever's unresolved, it can wait until you've rested.","Lord, touch every place of hurt tonight, seen and unseen.",By his wounds you have been healed.,1 Peter 2:24,"May you rest in being known, not in being certain.",a quiet church glowing at night
301,Wisdom,"Tonight, trust is enough.","Lord, give us wisdom for the decision ahead, more than we have on our own.",I will instruct you and teach you in the way you should go.,Psalm 32:8,May your heart know a measure of peace tonight.,night sky over quiet terraced hills
302,Guidance,Let tonight be lighter than today.,"God, for the guidance we've been asking for, help us actually listen for it.",The steps of the godly are directed by the Lord.,Psalm 37:23,"May your heart rest in what is true, not just what is felt.",moonlight through tall pine trees
303,Loneliness,Whatever's still unresolved can wait until morning.,"Father, for the ache of missing people tonight, sit with us in it.","And surely I am with you always, to the very end of the age.",Matthew 28:20,May you feel steadied enough to rest tonight.,peaceful city lights seen from a distance at night
304,Comfort,"Tonight, let peace have the last word.","God, wrap comfort around the wound today reopened.","Carry each other's burdens, and in this way you will fulfill the law of Christ.",Galatians 6:2,May you feel less alone in the quiet tonight.,night sky reflected in a calm harbor
305,Comfort,"Before you sleep, a quiet word for your heart.","Lord, for the sadness we can't quite explain tonight, sit with us in it.",He tends his flock like a shepherd: He gathers the lambs in his arms and carries them close to his heart.,Isaiah 40:11,May your heart soften enough to rest tonight.,night sky above a peaceful sleeping city
306,Wisdom,"Tonight, let your defenses down for a while.","Father, for the situation that confuses us, give clarity and wisdom.",For the Lord gives wisdom; from his mouth come knowledge and understanding.,Proverbs 2:6,God's mercy meets us new again tomorrow.,a quiet porch under night sky
307,Encouragement,Let tomorrow stay tomorrow's problem.,"Lord, encourage us tonight the way we need to encourage someone else tomorrow.",Therefore encourage one another and build each other up.,1 Thessalonians 5:11,"Whatever the outcome, God remains present with you.",moonlight settling on still garden ponds
308,Tomorrow,Tonight isn't for solving. It's for resting.,"Father, prepare us for tomorrow, even as we rest tonight.","In their hearts humans plan their course, but the Lord establishes their steps.",Proverbs 16:9,"God sees what you're going through, even in the quiet.",stars over a calm mountain pass
309,Work,"Tonight, exhale.","Lord, release the weight of work from our shoulders tonight. It'll wait until morning.",Let the favor of the Lord our God rest on us; establish the work of our hands.,Psalm 90:17,May God's presence give you peace tonight. 🤍,a peaceful desert night sky
310,Anxiety,Don't carry this into tomorrow.,"Lord, we release our grip on tonight's fear. It's too heavy to hold alone.",Cast all your anxiety on him because he cares for you.,1 Peter 5:7,God's presence is not conditional on how today went.,gentle rain against a windowpane
311,Joy,"Before you rest, one honest moment.","God, let joy return to us, even gradually, even slowly.",You will fill me with joy in your presence.,Psalm 16:11,"You are seen tonight, even in the parts you keep hidden.",moonlight over calm water
312,Community,You're not behind. You're just tired.,"Lord, thank You for the people who checked on us today.",Love your neighbor as yourself.,Mark 12:31,God is present in both the easy nights and the hard ones.,soft glow of streetlamps in light fog
313,Marriage,Tomorrow can wait. Rest first.,"Lord, for the disagreement we haven't resolved, give us humility to talk it through.",Let us consider how we may spur one another on toward love and good deeds.,Hebrews 10:24,"May you release what you can, and trust Him with the rest.",moonrise behind distant clouds
314,Wisdom,Give God what you cannot control.,"Father, give us wisdom to know when to speak and when to stay quiet tomorrow.","Teach us to number our days, that we may gain a heart of wisdom.",Psalm 90:12,God's presence doesn't require you to feel strong tonight.,a lantern glowing on a windowsill
315,Anxiety,You don't have to pretend tonight went fine.,"God, calm the storm inside us, even though nothing outside has changed yet.","Do not be anxious about anything, but in every situation, by prayer and petition, present your requests to God.",Philippians 4:6,May you feel a little less burdened as you close your eyes.,moonlight on a quiet vineyard
316,Forgiveness,You're allowed to not have it figured out yet.,"God, we release what's unresolved with others tonight. Help us forgive.",Forget the former things; do not dwell on the past.,Isaiah 43:18,God hears the prayers you cannot put into words.,a soft nightlight in a nursery
317,Purpose,Let today go. Tomorrow is new.,"Lord, remind us our life has purpose, even on the ordinary days.","Well done, good and faithful servant!",Matthew 25:21,You are not alone in whatever this season holds.,a gentle glow along a quiet shoreline
318,Patience,"Before sleep, let your mind slow down.","Father, help us be patient with the answer that hasn't come yet.",Wait for the Lord; be strong and take heart and wait for the Lord.,Psalm 27:14,May tonight bring whatever rest is possible.,a peaceful dock under starlight
319,Protection,"Before sleep comes, a moment of honesty.","God, protect the ones we love who are far away tonight.","When you pass through the waters, I will be with you.",Isaiah 43:2,"Whatever the night holds, God has not looked away.",night sky above a peaceful vineyard hill
320,Comfort,You did what you could today.,"Father, hold the part of our heart that still hurts from today.","Blessed are those who mourn, for they will be comforted.",Matthew 5:4,May tonight be a little gentler than today was.,misty hills under a rising moon
321,Uncertainty,Rest isn't giving up. It's trusting.,"Lord, let tonight's rest come even without answers. You've never left us without direction long.",The secret things belong to the Lord our God.,Deuteronomy 29:29,May you rest knowing you are not forgotten.,moonlit reflections on wet cobblestone streets
322,Peace,You don't need all the answers tonight.,"Father, still the noise in our minds. Let peace settle where anxiety has lived today.",The Lord gives strength to his people; the Lord blesses his people with peace.,Psalm 29:11,"May you find rest for your body, even if your mind is still busy.",moonlight on gentle ocean swells
323,Trust,You don't have to solve everything tonight.,"Father, we trust You with tonight and tomorrow, even without all the details.","Blessed is the one who trusts in the Lord, whose confidence is in him.",Jeremiah 17:7,You're invited to bring tonight exactly as it is to God.,soft light through a bedroom window
324,Work,"Tonight, you're allowed to just exist without fixing anything.","God, thank You for providing through our work. Help us hold it loosely tonight.","In vain you rise early and stay up late, toiling for food to eat — for he grants sleep to those he loves.",Psalm 127:2,May a measure of peace find you tonight.,a soft glow through frosted glass
325,Renewal,You have carried enough for today.,"Lord, renew our strength and our spirit as we sleep tonight.",The steadfast love of the Lord never ceases; his mercies never come to an end.,Lamentations 3:22,May your heart find rest in God's presence tonight.,a single star breaking through clouds
326,Emotional exhaustion,Before you close your eyes...,"Father, we're tired in ways rest alone can't always fix. Meet us there.","Come to me, all you who are weary and burdened, and I will give you rest.",Matthew 11:28,God's presence doesn't wait for us to have it together.,moonlight over a sleeping orchard
327,Faith,God is still awake with you.,"Lord, grow our faith tonight, especially where we're struggling to trust You.",I do believe; help me overcome my unbelief!,Mark 9:24,"May peace visit you tonight, even uninvited.",an open Bible beside a soft bedside lamp
328,Perseverance,Before your eyes close...,"Lord, strengthen us for the parts of this season that are hardest.","For though the righteous fall seven times, they rise again.",Proverbs 24:16,"You are held in God's care, even in uncertainty.",soft light spilling from a farmhouse window
329,Fear,Rest is not a reward you have to earn.,"God, help us release the fear we've been holding onto today.","For God has not given us a spirit of fear, but of power, love and a sound mind.",2 Timothy 1:7,"God's mercy doesn't run out, even on the hardest days.",night mist over a still meadow
330,Health,"Tonight, let your guard down.","God, give rest to the body that hasn't truly rested in a while.","May your whole spirit, soul and body be kept blameless.",1 Thessalonians 5:23,"May your spirit find quiet, even amid noise.",a candle flickering in a dark room
331,Relationships,Let tonight be the exhale after a long day.,"Lord, watch over the relationships that matter to us tonight.","Love one another. As I have loved you, so you must love one another.",John 13:34,"God's peace is available, even without full understanding.",stars reflected in a slow river
332,Strength,"Tonight, let the noise settle.","God, let tonight's rest restore the strength today used up.",But those who hope in the Lord will renew their strength.,Isaiah 40:31,May your heart find a little stillness before sleep.,a starlit country road
333,Community,"Whatever tomorrow holds, God's already there.","Lord, thank You for the church family that's carried us this season.","Encourage the disheartened, help the weak, be patient with everyone.",1 Thessalonians 5:14,"Whatever tonight looks like for you, may it include some peace.",stars over a calm bay
334,Guidance,You don't have to finish worrying tonight.,"Lord, guide us tonight and into tomorrow, especially where we feel unsure.","Your word is a lamp for my feet, a light on my path.",Psalm 119:105,"Whatever this season holds, you are not walking it unseen.",a soft lantern-lit garden path
335,Strength,"Whatever happened today, remember this.","Father, renew our strength as we rest, for whatever tomorrow requires.",The joy of the Lord is your strength.,Nehemiah 8:10,God's compassion reaches into whatever you're facing.,a peaceful lighthouse at night
336,Comfort,God saw everything today. He's not surprised.,"Lord, comfort the ache we haven't said out loud tonight.",The Lord is close to the brokenhearted and saves those who are crushed in spirit.,Psalm 34:18,"May tonight's quiet be a place of rest, not more worry.",stars above a peaceful hillside village
337,Weariness in faith,"Tonight, be still.","Father, we're weary of trying to have it all together spiritually. Meet us as we are.","For we live by faith, not by sight.",2 Corinthians 5:7,"Whatever you couldn't finish today, tomorrow is still ahead.",a quiet ocean under moonlight
338,Protection,Nothing left to fix tonight.,"Father, for the danger we can't see coming, go before us tonight.","If God is for us, who can be against us?",Romans 8:31,"Whatever weighs on you, God already knows.",a quiet chapel window glowing softly
339,Grace,You don't have to hold this alone.,"Lord, thank You for meeting us in our mess again today.","For it is by grace you have been saved, through faith.",Ephesians 2:8,"Whatever tonight is like for you, God is present in it.",soft candle glow beside a closed book
340,Rest,"Tonight, hand over the whole day.","God, let tonight be real rest — not distraction, not numbness, just peace.",He restores my soul.,Psalm 23:3,"Whatever tonight holds, you have not been left to face it alone.",moonlight filtering through curtains
341,Emotional exhaustion,Let your shoulders drop tonight.,"Lord, let sleep tonight be more than physical rest. Restore our hearts too.","Let us not become weary in doing good, for at the proper time we will reap a harvest.",Galatians 6:9,"You are held in God's attention tonight, whatever that means for you.",moonrise over a calm inland sea
342,Marriage,Before you drift off tonight...,"God, help us choose patience over frustration in our marriage tomorrow.",Being rooted and established in love.,Ephesians 3:17,"Whatever tomorrow brings, may God give you strength for it.",stars framed by silhouetted trees
343,Comfort,Quiet your mind for a moment.,"Father, be near to the part of us that's hurting quietly right now.",Without faith it is impossible to please God.,Hebrews 11:6,"God is present with you, whatever this night looks like.",stars over a snow-covered field
344,Work,You survived today. That's enough.,"Father, calm the anxious thoughts about tomorrow's inbox and deadlines.",Whoever can be trusted with very little can also be trusted with much.,Luke 16:10,You're not required to have peace figured out — just to receive it.,moonlight on a calm lakeside cabin
345,Disappointment,You don't need tonight to make sense of everything.,"Father, comfort us in what didn't go as planned today.",Commit your way to the Lord; trust in him and he will act.,Psalm 37:5,"May sleep bring some relief tonight, however partial.",a soft glow from a fireplace at night
346,Protection,"Tonight, someone is still watching over you.","Father, be a shield around our home and family tonight.",The Lord will keep you from all harm — he will watch over your life.,Psalm 121:7,God meets you in the specific thing you're facing tonight.,night sky reflected in still water
347,Renewal,You carried a lot today. Set some of it down.,"Father, renew our hope for tomorrow, even after a hard today.",They are new every morning; great is your faithfulness.,Lamentations 3:23,"Whatever tomorrow requires, may today's rest help prepare you.",a soft-lit hallway at night
348,Rest,Let tonight be soft.,"Father, restore us through rest tonight — body, mind, and spirit.","Be still, and know that I am God.",Psalm 46:10,You don't have to have it all figured out tonight.,stars scattered above quiet rooftiles
349,Rest,Leave this with God tonight.,"Lord, help us stop striving tonight and simply rest in who You are.",The Lord will fight for you; you need only to be still.,Exodus 14:14,"God's presence is with you in the waiting, not just the answer.",moonlight through sheer curtains
350,Anxiety,Before your head hits the pillow...,"God, we're tired of carrying tomorrow's problems before they've even arrived.","Do not worry about tomorrow, for tomorrow will worry about itself.",Matthew 6:34,"Whatever tonight asks of you, may God's strength meet you there.",moonlight filtering through a greenhouse
351,Weariness in faith,"God isn't finished, but tonight you can be done.","Lord, for the faith that feels tired tonight, meet us gently, not with pressure.",Draw near to God and he will draw near to you.,James 4:8,"God remains near, whether tonight feels good or hard.",a quiet stone bridge under starlight
352,Confidence,Before the day fully ends...,"God, quiet the voice that tells us we're not enough.",I praise you because I am fearfully and wonderfully made.,Psalm 139:14,"You are known and cared for, tonight and always.",a silhouette beneath a starry sky
353,Tomorrow,Set the weight down here.,"Lord, we don't know what tomorrow holds, but we trust You already do.","There is a time for everything, and a season for every activity under the heavens.",Ecclesiastes 3:1,May you carry a little less into tomorrow than you did today.,a soft glow along an empty night pier
354,Comfort,Set it down before you sleep.,"Lord, comfort the fear underneath tonight's tiredness.","As a mother comforts her child, so will I comfort you.",Isaiah 66:13,"You are not alone in this, tonight or any night.",quiet night sky above a still canal
355,Confidence,One more breath before you rest.,"Father, we don't need to feel adequate — just secure in You tonight.",This is the confidence we have in approaching God.,1 John 5:14,"May you feel steadied, even briefly, tonight.",soft glow of dusk settling over hills
356,Faith,"Tonight, rest doesn't require permission from anyone but you.","Father, for the prayer we've stopped believing will be answered, revive our faith.","The fruit of the Spirit is love, joy, peace, forbearance, kindness, goodness, faithfulness.",Galatians 5:22,May you find enough peace tonight to close your eyes.,quiet night sky above still sand dunes
357,Uncertainty,You made it to tonight. Let that be enough.,"Father, for the question we can't stop asking, give peace even without a reply yet.",Now we see only a reflection as in a mirror; then we shall see face to face.,1 Corinthians 13:12,"May peace be possible tonight, even in a hard circumstance.",moonlit clouds over a still lake
358,Gratitude,Before you sleep tonight...,"Lord, let gratitude be the last thought before sleep tonight.",Give thanks in all circumstances.,1 Thessalonians 5:18,May you sense God's nearness before you drift off.,clouds drifting under a full moon
359,Humility,Let go of today's weight.,"God, remind us tonight that we don't have to have all the answers.","Clothe yourselves with compassion, kindness, humility, gentleness and patience.",Colossians 3:12,God's nearness is not something you have to earn tonight.,a soft glow along a quiet forest trail
360,Grief,You made it through today.,"God, hold the ones grieving tonight. Let them feel Your presence in the ache.","We also glory in our sufferings, because we know that suffering produces perseverance.",Romans 5:3,God's grace meets you in the middle of an unfinished day.,a quiet balcony overlooking city lights
361,Transitions,You don't owe tonight any more effort.,"Father, help us hold onto what's constant while everything else shifts.",I will give you a new heart and put a new spirit in you.,Ezekiel 36:26,"May tonight's rest be a gift, however small.",a gentle glow from a distant window
362,Healing,"Before you sleep, remember who's holding you.","Father, bring peace to the ones in pain tonight, and healing in Your time.","He has sent me to bind up the brokenhearted, to proclaim freedom for the captives.",Isaiah 61:1,You don't have to pretend tonight. God already knows.,stars framed by a mountain ridge
363,Waiting,Tonight isn't asking anything more of you.,"Father, help us rest tonight even without the outcome we've been hoping for.",He has made everything beautiful in its time.,Ecclesiastes 3:11,God walks with you into whatever tomorrow holds.,moonlight through an open barn door
364,Grief,"Tonight, set down what isn't yours to fix.","Lord, for those carrying loss tonight, let them not carry it alone.",He will wipe every tear from their eyes.,Revelation 21:4,"May you find rest for your mind, even if just for a while.",a tranquil garden under moonlight
365,Hope,This is your permission to rest.,"God, plant hope in the places that feel hopeless tonight.","The Lord is good to those whose hope is in him, to the one who seeks him.",Lamentations 3:25,"May rest come, even if it's imperfect tonight.",soft blue hour light before full dark
366,Loneliness,This is the pause your heart needed.,"Lord, remind us that an empty room doesn't mean an empty life. You're here.",I have called you by name; you are mine.,Isaiah 43:1,You're not carrying this by your own strength alone.,night sky reflected on wet pavement
367,Health,Before sleep finds you...,"Father, for the health concern we're quietly worried about, bring peace.","My grace is sufficient for you, for my power is made perfect in weakness.",2 Corinthians 12:9,"May His nearness be enough tonight, even without answers.",moonlight on quiet cobblestones
368,Rest,You made it here. That's not nothing.,"Father, for the mind that won't slow down, quiet it enough to sleep.",Whoever dwells in the shelter of the Most High will rest in the shadow of the Almighty.,Psalm 91:1,Rest is not a reward you have to earn tonight.,a calm night sky above rooftops
369,Courage,"Before you sleep, a small reminder.","Lord, give us courage for tomorrow, even if today felt discouraging.",The Lord is my light and my salvation — whom shall I fear?,Psalm 27:1,May God's peace meet you exactly where you are.,night sky above quiet terraced rice fields
370,Identity,You don't have to carry tomorrow yet either.,"Father, quiet the voices that try to define us instead of You.","But God demonstrates his own love for us in this: While we were still sinners, Christ died for us.",Romans 5:8,"Whatever silence you're sitting in, God is not silent toward you.",moonlight settling over a quiet harbor town
371,Encouragement,Hand it over. All of it.,"God, strengthen the heart that feels like it's falling behind.",Therefore encourage one another and build each other up.,1 Thessalonians 5:11,You are not required to be okay tonight — just to be honest.,stars above a quiet campsite
372,Peace,"Whatever tonight looks like, you're not facing it unseen.","Lord, we don't need the situation to change tonight — just give us peace inside it.",Perfect love drives out fear.,1 John 4:18,"God's love holds steady, whatever tonight's circumstances are.",moonrise over distant mountains
373,Gratitude,Rest tonight. Really rest.,"Father, help our hearts end the day in gratitude instead of complaint.","Delight yourself in the Lord, and he will give you the desires of your heart.",Psalm 37:4,"May peace be with you tonight, whatever tonight holds.",quiet starlight above a sleeping garden
374,Guidance,"Tonight, let your heart go quiet.","Father, when we're tempted to rush ahead, guide us to wait for You.",I will instruct you and teach you in the way you should go.,Psalm 32:8,Rest as much as you can. God is near.,night fog rolling over hills
375,Protection,Let this be where today ends.,"Lord, be our safety tonight, in body and in mind.","God is our refuge and strength, an ever-present help in trouble.",Psalm 46:1,"Whatever you're facing, you are not facing it unseen by God.",gentle moonlight over a sleeping town
376,Unanswered prayers,You're allowed to stop carrying it now.,"Lord, for the prayers still unanswered, help us trust You haven't forgotten.",Before they call I will answer; while they are still speaking I will hear.,Isaiah 65:24,"God is not far from you tonight, even if He feels quiet.",stars visible through a skylight
377,Purpose,"Tonight, lay it all down.","Lord, help us trust that today mattered, even if it didn't feel significant.","For we are God's handiwork, created in Christ Jesus to do good works.",Ephesians 2:10,You do not have to carry everything alone.,stars scattered over quiet moorland
378,Difficult decisions,You made it through something today. Acknowledge that.,"Lord, we trust You with the outcome, whatever we choose tonight or tomorrow.","What he opens no one can shut, and what he shuts no one can open.",Revelation 3:7,May tonight offer whatever rest your heart can receive.,a peaceful glow from string lights at dusk
379,Contentment,One more thing before you rest...,"Lord, teach us to be content tonight, even without everything we want.",Keep your lives free from the love of money and be content with what you have.,Hebrews 13:5,"May you feel God's nearness, even in the hard moments.",moonlight through open shutters
380,Community,You've done enough for one day.,"Father, thank You for the small kindness someone showed us today.","A friend loves at all times, and a brother is born for a time of adversity.",Proverbs 17:17,May a measure of comfort reach you tonight.,stars above a quiet coastal town
381,Identity,"Tonight, let go of what you can't hold onto anyway.","Father, help our worth rest in You tonight, not in today's wins or losses.",You are the light of the world.,Matthew 5:14,"May His presence be your comfort, whatever tonight brings.",night sky over a sleeping valley
382,Joy,"Before sleep, a moment for your heart.","Lord, thank You for laughter today, however brief it was.","Consider it pure joy, my brothers and sisters, whenever you face trials of many kinds.",James 1:2,God's love for you doesn't depend on how today went.,stars above a still alpine lake
383,Confidence,You made it to the end of today.,"Lord, give us quiet confidence for the challenge ahead tomorrow.",Let us then approach God's throne of grace with confidence.,Hebrews 4:16,May you sense that you are not facing this completely alone.,a quiet snowy landscape under starlight
384,Tomorrow,"Tonight, stop replaying it.","Lord, help us not to borrow tomorrow's worry tonight.",All the days ordained for me were written in your book before one of them came to be.,Psalm 139:16,"You're invited to rest, not required to have resolved everything.",night sky above a quiet coastal cliff
385,Financial pressure,You don't have to be strong for a few hours.,"God, we trust You with tomorrow's expenses. You've never failed to provide before.",And my God will meet all your needs according to the riches of his glory in Christ Jesus.,Philippians 4:19,"God remains present, even in seasons that don't make sense yet.",a peaceful moonlit meadow
386,Humility,"Tonight, just breathe.","God, quiet our need to be right tonight. Teach us humility instead.","Continue to live your lives in him, rooted and built up in him.",Colossians 2:6,"God's compassion doesn't run out, tonight or tomorrow.",quiet starlight over still farmland
387,Restoration,Let the day end gently.,"God, restore what today's struggles wore thin.",The God of all grace... will himself restore you.,1 Peter 5:10,"Whatever you're carrying, may it feel lighter tonight.",a calm night over still wetlands
388,Courage,Let the weight of today stay in today.,"Father, strengthen our courage for the hard thing we're facing.",Be on your guard; stand firm in the faith; be courageous; be strong.,1 Corinthians 16:13,God is present in the waiting as much as in the resolution.,moonlight on a quiet stone courtyard
389,Emotional exhaustion,Your heart deserves some rest tonight.,"Lord, for hearts that are simply tired tonight, give real rest, not just sleep.",The Spirit himself intercedes for us through wordless groans.,Romans 8:26,"You are cared for tonight, even in circumstances you can't control.",a quiet library window at night
390,Unanswered prayers,"Whatever's unresolved, it can wait until you've rested.","Lord, help us keep praying, even without the answer we're hoping for.","Truly I tell you, if you have faith as small as a mustard seed, nothing will be impossible for you.",Matthew 17:20,God's peace doesn't depend on your circumstances resolving first.,moonlight settling on a still countryside
391,Confidence,"Tonight, trust is enough.","Lord, replace our self-doubt with quiet confidence tonight.","Blessed is the one who trusts in the Lord, whose confidence is in him.",Jeremiah 17:7,"May you rest in being known, not in being certain.",a peaceful riverside at dusk
392,Perseverance,Let tonight be lighter than today.,"God, help us not give up on what we started, even when it's slow.","Well done, good and faithful servant!",Matthew 25:21,May your heart know a measure of peace tonight.,a calm night sky over wheat fields
393,Tomorrow,Whatever's still unresolved can wait until morning.,"Father, whatever tomorrow brings, remind us You'll already be there.","In their hearts humans plan their course, but the Lord establishes their steps.",Proverbs 16:9,"May your heart rest in what is true, not just what is felt.",a peaceful moonlit courtyard
394,Encouragement,"Tonight, let peace have the last word.","Father, encourage the parts of us that feel like giving up.",Let us consider how we may spur one another on toward love and good deeds.,Hebrews 10:24,May you feel steadied enough to rest tonight.,night sky reflected in a rice paddy
395,Perseverance,"Before you sleep, a quiet word for your heart.","Father, for the long road we're still walking, renew our endurance tonight.","For though the righteous fall seven times, they rise again.",Proverbs 24:16,May you feel less alone in the quiet tonight.,soft night sky over rolling farmland
396,Financial pressure,"Tonight, let your defenses down for a while.","Father, for the specific financial pressure we're under, be our provider tonight.","The earth is the Lord's, and everything in it.",Psalm 24:1,May your heart soften enough to rest tonight.,night mist settling over calm water
397,Forgiveness,Let tomorrow stay tomorrow's problem.,"Lord, for the guilt we carry over our own mistakes, remind us of Your forgiveness.","If we confess our sins, he is faithful and just and will forgive us our sins.",1 John 1:9,God's mercy meets us new again tomorrow.,a peaceful mountain silhouette at night
398,Weariness in faith,Tonight isn't for solving. It's for resting.,"Lord, we don't have big faith tonight. Help the small amount we have be enough.",Pray continually.,1 Thessalonians 5:17,"Whatever the outcome, God remains present with you.",moonlight through gently swaying curtains
399,Faith,"Tonight, exhale.","God, strengthen our faith for what we can't yet see.",Now faith is confidence in what we hope for and assurance about what we do not see.,Hebrews 11:1,"God sees what you're going through, even in the quiet.",stars scattered across a clear night sky
400,Loneliness,Don't carry this into tomorrow.,"Lord, for anyone who feels alone tonight, remind them You are near.","And surely I am with you always, to the very end of the age.",Matthew 28:20,May God's presence give you peace tonight. 🤍,night sky through an open window
