id,format,video_text,verse,verse_ref,caption,mood
1,psychological_distance,The world feels heavier than it used to.,Cast all your anxiety on Him because He cares for you.,1 Peter 5:7,One word. What do people need more of today? 🤍 Peace ✨ Hope 🙏 Faith 💪 Strength,reflective
2,ab_choice,God is speaking through one of these verses today.,"A) Be still and know that I am God. | B) Fear not, for I am with you.",Psalm 46:10 | Isaiah 41:10,Which one found you today? A or B? Tell us why 👇,calm
3,psychological_distance,Pause for a moment.,"The Lord is my shepherd, I lack nothing.",Psalm 23:1,What do you think people are searching for most tonight? 👇,reflective
4,simple_response,Read this slowly.,He heals the brokenhearted and binds up their wounds.,Psalm 147:3,Type Amen if someone you know needs healing tonight 🙏,calm
5,psychological_distance,Imagine every person in the world could receive one gift from God tonight.,May the God of hope fill you with all joy and peace.,Romans 15:13,What should it be? 🤍 Peace ✨ Hope 🙏 Faith 💙 Joy,uplifting
6,ab_choice,Two promises. One God.,A) I will never leave you nor forsake you. | B) My grace is sufficient for you.,Hebrews 13:5 | 2 Corinthians 12:9,Which promise do you need to hold onto today? A or B? 👇,calm
7,psychological_distance,The world needs more of something.,Blessed are the peacemakers for they will be called children of God.,Matthew 5:9,One word. What is it? 👇,reflective
8,simple_response,For the person who needed to read this today.,Come to me all who are weary and I will give you rest.,Matthew 11:28,Type Yes if this found you at the right time 🙏,calm
9,psychological_distance,Imagine waking up tomorrow with no fear.,For God has not given us a spirit of fear but of power love and a sound mind.,2 Timothy 1:7,What would people do differently? 👇 Drop one thing below,uplifting
10,ab_choice,Which path is your heart on today?,A) Trusting and waiting. | B) Moving forward in faith.,Proverbs 3:5 | James 2:17,A or B? No wrong answer 👇,reflective
11,psychological_distance,Read this once. Then read it again.,The Lord your God is with you the Mighty Warrior who saves.,Zephaniah 3:17,What word stands out to you most? 👇,uplifting
12,simple_response,This one is for someone specific tonight.,Even the darkness will not be dark to you the night will shine like the day.,Psalm 139:12,Tag them or type their name below 🙏,reflective
13,psychological_distance,What if the world stopped for one minute today.,Be still and know that I am God.,Psalm 46:10,What do you think people would feel in that silence? 👇,calm
14,ab_choice,Two words. Pick one.,A) Peace. | B) Strength.,Philippians 4:7 | Isaiah 40:31,Which one does the world need more of right now? A or B? 👇,calm
15,psychological_distance,Something is shifting.,And we know that in all things God works for the good of those who love Him.,Romans 8:28,What do you think God is trying to teach people right now? 👇,uplifting
16,simple_response,Slow down for 10 seconds.,The Lord bless you and keep you the Lord make His face shine on you.,Numbers 6:24,Type Amen if you receive this blessing tonight 🙏,calm
17,psychological_distance,One word can change everything.,In the beginning was the Word and the Word was with God.,John 1:1,If you could give the world one word from God tonight what would it be? 👇,reflective
18,ab_choice,Two feelings. Which one is winning today?,A) Anxiety. | B) Peace.,Philippians 4:6 | John 14:27,Which one are people feeling more of lately? A or B? 👇,reflective
19,psychological_distance,The quiet ones are often carrying the most.,God is our refuge and strength an ever present help in trouble.,Psalm 46:1,What do you think people need to hear most when they go quiet? 👇,reflective
20,simple_response,This verse has carried millions through the darkest nights.,Yea though I walk through the valley of the shadow of death I will fear no evil.,Psalm 23:4,Type the one word this verse gives you 👇,reflective
21,psychological_distance,Choose one.,I can do all things through Christ who strengthens me.,Philippians 4:13,What do you think stops people from believing this about themselves? 👇 Doubt / Fear / Pain / Past,reflective
22,ab_choice,Two seasons of faith.,A) Waiting on God. | B) Walking by faith.,Isaiah 40:31 | 2 Corinthians 5:7,Which season do you think most people are in right now? A or B? 👇,calm
23,psychological_distance,The world is tired.,He gives strength to the weary and increases the power of the weak.,Isaiah 40:29,What do you think people are most tired of carrying? 👇,reflective
24,simple_response,Read this out loud if you can.,This is the day the Lord has made let us rejoice and be glad in it.,Psalm 118:24,Type Today if you choose to receive this 🙏,uplifting
25,psychological_distance,Imagine someone reading this at their lowest point tonight.,The Lord is close to the brokenhearted and saves those who are crushed in spirit.,Psalm 34:18,What one thing would you want them to know? 👇,reflective
26,ab_choice,Two anchors for the soul.,A) God's presence. | B) God's promises.,Psalm 139:7-10 | 2 Peter 1:4,Which one keeps you grounded? A or B? 👇,calm
27,psychological_distance,Something most people forget when life gets hard.,Trust in the Lord with all your heart and lean not on your own understanding.,Proverbs 3:5,What do you think it is? 👇,reflective
28,simple_response,This is for the overcomer.,No in all these things we are more than conquerors through Him who loved us.,Romans 8:37,Type Conqueror if this is your season 💪,uplifting
29,psychological_distance,Which word do you think will appear most in the comments tonight?,The peace of God which transcends all understanding will guard your hearts.,Philippians 4:7,🤍 Peace ✨ Hope 🙏 Faith 💪 Strength 💙 Healing — predict the winner 👇,calm
30,ab_choice,Two prayers. Which one feels more honest right now?,A) God give me peace. | B) God give me strength.,Philippians 4:6 | Psalm 28:7,A or B? 👇,reflective
31,psychological_distance,The world is searching for something it cannot name.,You will seek me and find me when you seek me with all your heart.,Jeremiah 29:13,What do you think people are really looking for? 👇,reflective
32,simple_response,Take a breath. Read this again.,Fear not for I have redeemed you I have called you by name you are mine.,Isaiah 43:1,Type your name below if you receive this tonight 🙏,calm
33,psychological_distance,One question worth asking today.,What good will it be for someone to gain the whole world yet forfeit their soul?,Matthew 16:26,What do you think people trade their peace for most often? 👇,reflective
34,ab_choice,Two kinds of faith.,A) Faith that moves mountains. | B) Faith that survives the storm.,Matthew 17:20 | Mark 4:40,Which one do you think the world needs more of right now? A or B? 👇,uplifting
35,psychological_distance,Pause for a moment.,Be strong and courageous do not be afraid do not be discouraged.,Joshua 1:9,What do you think people are most afraid of right now? 👇,reflective
36,simple_response,For everyone who made it through another hard day.,The steadfast love of the Lord never ceases His mercies never come to an end.,Lamentations 3:22-23,Type Made It if today was hard but you're still here 🙏,uplifting
37,psychological_distance,If God sent one message to the world tonight.,I have loved you with an everlasting love I have drawn you with unfailing kindness.,Jeremiah 31:3,What do you think He would say? 👇,calm
38,ab_choice,Two responses to hard seasons.,A) Be still and wait. | B) Rise and keep going.,Psalm 46:10 | Isaiah 60:1,Which one do you think most people need to hear right now? A or B? 👇,reflective
39,psychological_distance,Read this word by word.,For I know the plans I have for you plans to prosper you and not to harm you.,Jeremiah 29:11,What word hits the hardest? Drop it below 👇,uplifting
40,simple_response,This one never gets old.,For God so loved the world that He gave His one and only Son.,John 3:16,Type Love if this verse has ever changed your life 🙏,uplifting
41,psychological_distance,Most people are stronger than they think.,I can do all this through Him who gives me strength.,Philippians 4:13,What do you think makes people forget how strong they are? 👇,uplifting
42,ab_choice,Two gifts from God.,A) Peace that surpasses understanding. | B) Joy that comes in the morning.,Philippians 4:7 | Psalm 30:5,Which gift do you think people need most tonight? A or B? 👇,calm
43,psychological_distance,Something the world has forgotten.,Be still.,Psalm 46:10,In a world that never stops moving what do you think people miss most about stillness? 👇,reflective
44,simple_response,For the quiet believer scrolling tonight.,The Lord will fight for you you need only to be still.,Exodus 14:14,Type Still if you're learning to let God fight for you 🙏,calm
45,psychological_distance,One word.,A new command I give you love one another as I have loved you.,John 13:34,What do you think the world needs more of above everything else? 👇,uplifting
46,ab_choice,Two seasons everyone goes through.,A) The wilderness. | B) The promised land.,Deuteronomy 8:2 | Joshua 1:3,Which season do you think most people are in right now? A or B? 👇,reflective
47,psychological_distance,This is what faith looks like in the dark.,Even if He does not rescue us we want you to know that we will not serve your gods.,Daniel 3:18,What do you think real faith costs people the most? 👇,reflective
48,simple_response,For everyone carrying something invisible.,Cast your cares on the Lord and He will sustain you.,Psalm 55:22,Type Casting if you're letting it go tonight 🙏,reflective
49,psychological_distance,Which word do you think will dominate the comments?,The Lord is my light and my salvation whom shall I fear.,Psalm 27:1,🌟 Light 🤍 Peace 🙏 Faith 💪 Courage — which wins tonight? 👇,uplifting
50,ab_choice,Two truths about God.,A) He is always good. | B) He is always near.,Psalm 107:1 | Psalm 145:18,Which truth do you think people forget first when life gets hard? A or B? 👇,calm
51,psychological_distance,Imagine handing your heaviest burden to God tonight.,Come to me all you who are weary and burdened and I will give you rest.,Matthew 11:28,What do you think people hold onto longest before letting God have it? 👇,reflective
52,simple_response,This verse has been prayed millions of times.,Create in me a pure heart O God and renew a steadfast spirit within me.,Psalm 51:10,Type Renew if this is your prayer tonight 🙏,reflective
53,psychological_distance,The most underrated gift.,Be joyful in hope patient in affliction faithful in prayer.,Romans 12:12,What do you think people give up on too soon? 👇 Hope / Prayer / Waiting / Themselves,reflective
54,ab_choice,Two prayers for tonight.,A) Lord give me peace. | B) Lord give me clarity.,John 14:27 | James 1:5,Which prayer do you think more people are whispering tonight? A or B? 👇,calm
55,psychological_distance,Read this if you feel invisible.,Are not two sparrows sold for a penny Yet not one of them will fall without your Father knowing.,Matthew 10:29,What do you think God wants people who feel unseen to know? 👇,reflective
56,simple_response,For the fighter who is running low.,He gives power to the faint and to him who has no might He increases strength.,Isaiah 40:29,Type Fighting if you're still in the ring 💪,uplifting
57,psychological_distance,Something worth thinking about today.,What does it profit a man to gain the whole world and forfeit his soul?,Mark 8:36,What do you think people sacrifice their peace for most? 👇,reflective
58,ab_choice,Two anchors when the storm hits.,A) God's word. | B) God's presence.,Matthew 24:35 | Matthew 28:20,Which one holds you steadiest? A or B? 👇,calm
59,psychological_distance,The world is full of noise.,After the earthquake came a fire but the Lord was not in the fire. And after the fire came a gentle whisper.,1 Kings 19:12,What do you think God is whispering to people right now? 👇,reflective
60,simple_response,End the day with this.,This is the day the Lord has made. His mercies are new every morning.,Lamentations 3:23,Type Tomorrow if you're choosing to start fresh 🌅,uplifting
61,psychological_distance,How does grace change how you see yourself in the mirror?,I delight greatly in the Lord; my soul rejoices in my God. For he has clothed me with garments of salvation.,Isaiah 61:10,"You don't earn the clothing. You receive it.

How does grace change how you see yourself in the mirror? 🌟",uplifting
62,psychological_distance,What does walking by faith and not by sight actually feel like?,"For we live by faith, not by sight.",2 Corinthians 5:7,"Faith is moving forward when you can't see the next step.

What leap of faith are you being asked to take? 🙏",uplifting
63,psychological_distance,What does your prayer life reveal about what you actually trust?,"Do not be anxious about anything, but in every situation, by prayer and petition, present your requests to God.",Philippians 4:6,"Prayer is a map of trust. It shows you what you actually believe.

What do you pray about most? 👇",reflective
64,ab_choice,Spontaneous prayer or structured devotion?,I will consider all your works and meditate on all your mighty deeds.,Psalm 77:12,"Some people need a routine to show up. Others need freedom.

Are you a structured devotional person or a spontaneous prayer person? 👇",calm
65,psychological_distance,"What does it mean that His plans for you are for welfare, not calamity?","For I know the plans I have for you, plans to prosper you and not to harm you, plans to give you hope and a future.",Jeremiah 29:11,"Welfare. Hope. Future. Not calamity.

What does it take for you to actually believe that about your own life? 👇",uplifting
66,psychological_distance,What does it mean to walk out your calling even when it feels too small?,Do not despise these small beginnings.,Zechariah 4:10,"Small beginnings aren't a lesser calling. They're the start of one.

What small beginning are you tempted to despise? 👇",uplifting
67,ab_choice,One deep friendship or a wide community?,"A friend loves at all times, and a brother is born for a time of adversity.",Proverbs 17:17,"Depth or breadth. Both are gifts. Neither is wrong.

What kind of friendship do you value most? 👇",reflective
68,psychological_distance,What legacy of faith do you hope to leave for the people coming after you?,One generation commends your works to another; they tell of your mighty acts.,Psalm 145:4,"Faith isn't just for one generation. It was always meant to be passed on.

What part of your faith story do you most want to pass on? 💛",uplifting
69,simple_response,Which word in this verse hits hardest for you?,I can do all this through him who gives me strength.,Philippians 4:13,"All. Through. Him. Strength. One word carries something different for everyone.

Which word in this verse hits you hardest today? 👇",uplifting
70,psychological_distance,What does it mean to be transformed by grace and not by effort?,"For it is by grace you have been saved, through faith.",Ephesians 2:8,"Grace didn't just save you. It's remaking you.

How has grace changed who you are? 🔥",uplifting
71,psychological_distance,What does it mean to be strengthened with power in your inner being?,I pray that out of his glorious riches he may strengthen you with power through his Spirit in your inner being.,Ephesians 3:16,"Not outer strength. Inner strength. The kind no one sees but everyone feels.

Where do you need inner strength most right now? 👇",uplifting
72,psychological_distance,What would it mean to stop striving and just rest in who you are in Christ?,"Come to me, all you who are weary and burdened, and I will give you rest.",Matthew 11:28,"Striving is exhausting. Resting in who He says you are isn't.

What are you still striving to prove? 👇",calm
73,ab_choice,Seeking revival in the church or renewal in your own heart?,"Will you not revive us again, that your people may rejoice in you?",Psalm 85:6,"Personal renewal fuels corporate revival. You can't separate them.

Are you more burdened for the church right now or for your own renewal? 👇",uplifting
74,psychological_distance,"What would it mean to trust God not just in principle, but with the specific scary thing?","When I am afraid, I put my trust in you.",Psalm 56:3,"When — not if. Fear is assumed. Trust is the response.

What specific scary thing do you need to put your trust in God with today? 🙏",calm
75,psychological_distance,What does it mean to you that suffering doesn't disqualify you from joy?,"Weeping may stay for the night, but rejoicing comes in the morning.",Psalm 30:5,"Both can be true in the same season. Sometimes the same day.

How have you held grief and gratitude at the same time? 👇",reflective
76,ab_choice,Praise in the storm or peace after the storm?,"I have learned, in whatsoever state I am, therewith to be content.",Philippians 4:11,"Praising in it is harder. But the peace after carries the story.

Which is more natural for you — praise in it, or peace after? 🙏",calm
77,psychological_distance,What does it mean to walk in freedom instead of returning to old chains?,"It is for freedom that Christ has set us free. Stand firm, then, and do not let yourselves be burdened again by a yoke of slavery.",Galatians 5:1,"Set free — and called to stay standing in it.

What old chain are you tempted to go back to? 👇",uplifting
78,simple_response,Type the first word that comes to mind when you read this ✍️,The Lord is my shepherd; I lack nothing.,Psalm 23:1,"Sometimes the first word is the truest one.

Type the first word that comes to mind when you read this 👇",calm
79,psychological_distance,What does God's goodness look like in the mundane moments of your week?,Taste and see that the Lord is good; blessed is the one who takes refuge in him.,Psalm 34:8,"Goodness isn't only in the dramatic moments. It's in the quiet ones too.

Where did you see God's goodness this week? 👇",calm
80,psychological_distance,What would you do differently if you knew God had your back?,"If God is for us, who can be against us?",Romans 8:31,"That's not a hypothetical. It's already true.

What bold move have you been too afraid to make? 🔥",uplifting
81,psychological_distance,What are you most looking forward to about eternity?,He will wipe every tear from their eyes. There will be no more death or mourning or crying or pain.,Revelation 21:4,"No more tears. No more pain. Just imagine.

What are you most looking forward to about eternity? 🌅",calm
82,ab_choice,Confessing weakness or projecting strength?,"For when I am weak, then I am strong.",2 Corinthians 12:10,"Projecting strength is exhausting. Confessing weakness is freeing.

Which comes more naturally to you? 👇",reflective
83,psychological_distance,What would thinking like Christ change about your biggest problem?,We have the mind of Christ.,1 Corinthians 2:16,"Not just thoughts about Christ. The actual mind of Christ. That's the promise.

What would thinking like Christ change about how you see your biggest problem? 🙏",reflective
84,psychological_distance,What's a step of obedience you've been putting off?,Blessed rather are those who hear the word of God and obey it.,Luke 11:28,"Hearing is just the beginning. Obedience is where things actually change.

What's one step of obedience you've been avoiding? 👇",reflective
85,ab_choice,Seeking healing or learning to live with the thorn?,"My grace is sufficient for you, for my power is made perfect in weakness.",2 Corinthians 12:9,"Sometimes He removes it. Sometimes He redeems it.

Are you pressing for healing or learning to walk in grace through it? 👇",reflective
86,psychological_distance,What feels overdue in God's timeline that you're still waiting on?,He has made everything beautiful in its time.,Ecclesiastes 3:11,"His timeline is rarely our timeline. And somehow it's always right.

What are you waiting on that feels overdue? 👇",reflective
87,simple_response,Save this for your hardest day 📌,"When you pass through the waters, I will be with you.",Isaiah 43:2,"Bookmark this. Screenshot it. Write it on your mirror.

What's the verse you run to on your hardest days? 👇",calm
88,psychological_distance,What does it mean to you that He fights for you before you even ask?,Before they call I will answer; while they are still speaking I will hear.,Isaiah 65:24,"Before you even finish the prayer. That's how attentive He is.

What does it mean to have a God who answers before you call? 🤍",calm
89,psychological_distance,What does your soul need most right now?,"Come to me, all you who are weary and burdened, and I will give you rest.",Matthew 11:28,"Your soul knows the answer before your mind does.

Rest, healing, direction, or courage — which one? 👇",calm
90,psychological_distance,What does it mean to run toward God instead of hiding from Him when you fail?,"But the Lord God called to the man, 'Where are you?'",Genesis 3:9,"The instinct after failure is to hide. He calls you toward Him instead.

What's your instinct after you mess up — hide, or run to Him? 👇",reflective
91,ab_choice,Expecting God to move in the big moments or the small ones?,This is the day the Lord has made; let us rejoice and be glad in it.,Psalm 118:24,"God is just as present in a quiet morning as in a dramatic answer to prayer.

Do you look for Him more in big moments or small ones? 👇",uplifting
92,psychological_distance,How does knowing your name is written in heaven change today?,Rejoice that your names are written in heaven.,Luke 10:20,"Before you accomplish anything — your name is already there.

How does being known in eternity change how you live today? 🌟",uplifting
93,psychological_distance,What does it look like to bear good fruit without forcing it?,"But the fruit of the Spirit is love, joy, peace, forbearance, kindness, goodness, faithfulness.",Galatians 5:22-23,"Fruit grows. It isn't manufactured.

Which fruit of the Spirit do you sense growing in you lately? 🌱",uplifting
94,ab_choice,Measuring growth by feelings or by faithfulness?,"Well done, good and faithful servant!",Matthew 25:21,"Feelings lie. Faithfulness compounds.

Do you tend to measure your spiritual growth by how you feel or how faithful you've been? 👇",uplifting
95,psychological_distance,What does peace feel like in your body?,"And the peace of God, which transcends all understanding, will guard your hearts.",Philippians 4:7,"Peace isn't the absence of chaos — it's something deeper.

When was the last time you truly felt at peace? 🕊️",calm
96,simple_response,Tag someone who prays for you faithfully 🙏,I thank my God every time I remember you.,Philippians 1:3,"A faithful prayer warrior is one of God's greatest gifts.

Tag the person who prays for you without being asked 💛",uplifting
97,psychological_distance,What do you think you were specifically made to do?,"For we are God's handiwork, created in Christ Jesus to do good works.",Ephesians 2:10,"You are not an accident. You are crafted with intention.

What do you think you were specifically made to do? 🔥",uplifting
98,psychological_distance,What gives you joy that has nothing to do with your circumstances?,The joy of the Lord is your strength.,Nehemiah 8:10,"Joy is deeper than a feeling. It's a foundation.

What gives you joy that has nothing to do with circumstances? 💛",uplifting
99,psychological_distance,What small faithful choice is God asking of you right now?,"So then, just as you received Christ Jesus as Lord, continue to live your lives in him, rooted and built up in him.",Colossians 2:6-7,"Growth is rarely dramatic. It's mostly small, faithful choices.

What's one thing you do daily that grows your faith? 🌱",uplifting
100,ab_choice,Pressing through hard seasons or resting until clarity comes?,"Let us not become weary in doing good, for at the proper time we will reap a harvest.",Galatians 6:9,"Sometimes press. Sometimes rest. Knowing which is wisdom.

Are you pressing or resting in this season? 👇",uplifting
101,psychological_distance,"If fear wasn't in the picture, what would you do?","For God has not given us a spirit of fear, but of power, love and a sound mind.",2 Timothy 1:7,"Fear is a liar. Power is your inheritance.

What's one thing fear has been keeping you from? 🔥",uplifting
102,psychological_distance,What would it look like to genuinely bless someone who has hurt you?,Bless those who persecute you; bless and do not curse.,Romans 12:14,"Blessing isn't pretending it didn't hurt. It's refusing to let the hurt have the last word.

Is there someone you need to bless instead of curse? 👇",reflective
103,ab_choice,Serving out of overflow or discipline?,"Serve wholeheartedly, as if you were serving the Lord, not people.",Ephesians 6:7,"Serving from overflow feels natural. Serving from discipline builds character. Both honor God.

Do you serve best from overflow or from disciplined commitment? 👇",uplifting
104,psychological_distance,What would change if you truly believed you were enough?,I praise you because I am fearfully and wonderfully made.,Psalm 139:14,"You weren't made to be enough for everyone. You were made to be you.

What lie about yourself are you still fighting? 👇",uplifting
105,simple_response,Drop a ❤️ if this verse has carried you through something hard,I can do all this through him who gives me strength.,Philippians 4:13,"Philippians 4:13 isn't just about winning. It's about enduring.

Drop a ❤️ if this verse has been your anchor in a hard season.",uplifting
106,psychological_distance,Who in your life needs to see your light right now?,"Let your light shine before others, that they may see your good deeds and glorify your Father in heaven.",Matthew 5:16,"Your light isn't for you. It's for the people around you.

Who in your life needs to see your light right now? 💡",uplifting
107,psychological_distance,"What does it mean that His compassion never runs dry, no matter how many times you need it?","Because of the Lord's great love we are not consumed, for his compassions never fail.",Lamentations 3:22,"Never fail. Not once. Not with you either.

How many times have you needed His compassion this week? 🤍",calm
108,psychological_distance,What would it look like to number your blessings the way you number your problems?,"Bless the Lord, O my soul, and forget not all his benefits.",Psalm 103:2,"We're quick to count what's wrong. Slower to count what's right.

What's one blessing you haven't stopped to count lately? 💛",uplifting
109,ab_choice,Living for applause or living for approval from God alone?,"For am I now trying to win the approval of human beings, or of God?",Galatians 1:10,"Both approvals feel good. Only one actually satisfies.

Which are you chasing more right now — applause or His approval? 👇",reflective
110,psychological_distance,How has your relationship with your earthly father shaped how you see God?,"The Spirit you received brought about your adoption to sonship. And by him we cry, 'Abba, Father.'",Romans 8:15,"Abba. Not Lord. Not King. Father.

How has your relationship with your earthly father shaped how you see God? 👇",uplifting
111,psychological_distance,What does it mean to you that God's power works best through your surrendered weakness?,My power is made perfect in weakness.,2 Corinthians 12:9,"Not despite weakness. Through it.

What weakness might actually be the doorway to His power in your life? 👇",reflective
112,ab_choice,Seeking God's will or walking in what you already know?,"Your word is a lamp for my feet, a light on my path.",Psalm 119:105,"Sometimes we seek the big will while ignoring the small next step.

Are you seeking His will or walking in what He's already shown you? 👇",reflective
113,psychological_distance,What season of life are you in right now?,"There is a time for everything, and a season for every activity under the heavens.",Ecclesiastes 3:1,"Every season has a purpose — even the hard ones.

Spring, summer, autumn, or winter? Where are you? 🍂",reflective
114,simple_response,What's a verse that changed your life?,"Therefore, if anyone is in Christ, the new creation has come: The old has gone, the new is here!",2 Corinthians 5:17,"Some verses don't just speak to you — they rewrite you.

What verse changed something in you? 👇",uplifting
115,psychological_distance,What false identity are you still fighting underneath the surface?,"See what great love the Father has lavished on us, that we should be called children of God.",1 John 3:1,"Child of God. That's your identity. Everything else is secondary.

What false identity are you still fighting today? 👇",calm
116,psychological_distance,What does it mean to be an overcomer in the middle of something you haven't overcome yet?,"For everyone born of God overcomes the world. This is the victory that has overcome the world, even our faith.",1 John 5:4,"Overcomer isn't a finish line. It's an identity you carry in the middle of the fight.

What are you overcoming right now? 🔥",uplifting
117,psychological_distance,What does it mean to keep a soft heart in a hardening world?,I will give you a new heart and put a new spirit in you.,Ezekiel 36:26,"Softness is a gift in a world that rewards hardness.

What's helping you keep a soft heart lately? 👇",reflective
118,ab_choice,Prioritizing depth in prayer or consistency in prayer?,Pray without ceasing.,1 Thessalonians 5:17,"Deep, long prayers. Or short, consistent ones. Both have power.

Do you prioritize depth or consistency in your prayer life? 👇",calm
119,psychological_distance,What does it mean to be loved unconditionally — really?,"Neither height nor depth, nor anything else in all creation, will be able to separate us from the love of God.",Romans 8:39,"Most of us have never experienced love with no strings attached.

How does unconditional love change the way you live? 👇",calm
120,psychological_distance,How does it change an ordinary Tuesday knowing the Holy Spirit lives in you?,Don't you know that you yourselves are God's temple and that God's Spirit dwells in your midst?,1 Corinthians 3:16,"Not near you. Not with you. In you.

How does that change how you see an ordinary Tuesday? 🔥",uplifting
121,ab_choice,Investing in people who are far from God or encouraging those who are close?,For the Son of Man came to seek and to save the lost.,Luke 19:10,"Both are needed in the kingdom. But most of us default to one.

Do you feel more called to reach the lost or encourage the found? 👇",uplifting
122,psychological_distance,What weakness have you seen God use in surprising ways?,"For when I am weak, then I am strong.",2 Corinthians 12:10,"The weakness you're ashamed of might be the very place His power shows up.

What weakness have you seen God use? 💛",reflective
123,simple_response,What's a verse you've prayed over someone you love?,The Lord bless you and keep you; the Lord make his face shine on you.,Numbers 6:24-25,"Some prayers become the soundtrack of love.

What verse do you pray most for the people you love? 👇",uplifting
124,psychological_distance,What would your life look like if you fully trusted God?,Trust in the Lord with all your heart and lean not on your own understanding.,Proverbs 3:5,"Imagine that version of yourself. What's different?

What's the one thing hardest to surrender? 🙏",uplifting
125,psychological_distance,What does forgiveness feel like — giving it or receiving it?,Forgive as the Lord forgave you.,Colossians 3:13,"Forgiveness is less about the other person and more about your own freedom.

Is there someone you need to forgive — including yourself? 🤍",reflective
126,psychological_distance,What's a prayer you were almost too afraid to pray — and did anyway?,Ask and it will be given to you; seek and you will find.,Matthew 7:7,"Bold prayers move something in the spiritual realm.

What's a prayer you were almost too afraid to pray — and did anyway? 🔥",uplifting
127,ab_choice,Speaking your faith out loud or living it quietly?,"For it is with your heart that you believe and are justified, and it is with your mouth that you profess your faith.",Romans 10:10,"Both are needed. But most of us are stronger in one.

Do you express your faith more through words or through how you live? 👇",uplifting
128,psychological_distance,What does it mean to you that God never changes?,Jesus Christ is the same yesterday and today and forever.,Hebrews 13:8,"In a world of constant change, He is the one constant.

What in your life right now needs that anchor? ⚓",calm
129,psychological_distance,What helps you receive love when fear is loud?,Perfect love drives out fear.,1 John 4:18,"Fear and love can't fully coexist. One has to give way.

What helps you receive love when fear is loud? 👇",calm
130,ab_choice,Worshipping in the valley or rejoicing on the mountaintop?,"Though the fig tree does not bud and there are no grapes on the vines, yet I will rejoice in the Lord.",Habakkuk 3:17-18,"Mountaintop worship is easy. Valley worship is faith.

Which feels more like where you are right now? 👇",reflective
131,psychological_distance,What does it mean to have your requests made known to God without anxiety attached?,"By prayer and petition, with thanksgiving, present your requests to God.",Philippians 4:6,"Requests with thanksgiving, not requests with dread.

What request have you been bringing to God with more anxiety than trust? 👇",calm
132,simple_response,What book of the Bible are you reading right now?,Blessed is the one who reads aloud the words of this prophecy.,Revelation 1:3,"We're all in different chapters — of the Bible and of our lives.

What book of the Bible are you in right now? 👇",reflective
133,psychological_distance,What does it feel like to be fully known and fully loved at the same time?,"For now we see only a reflection as in a mirror; but then we shall see face to face. Now I know in part; then I shall know fully, even as I am fully known.",1 Corinthians 13:12,"Fully known. Not almost known. Everything — and still loved.

What part of yourself are you afraid to let God fully see? 🤍",reflective
134,psychological_distance,What does God's faithfulness look like in the most ordinary parts of your life?,The steadfast love of the Lord never ceases; his mercies never come to an end.,Lamentations 3:22,"Steadfast. Not conditional. Not occasionally. Steadfast.

Where did you see God's steadfast love in your ordinary week? 👇",calm
135,psychological_distance,In what area of life do you most need the security of being hidden in Christ?,"For you died, and your life is now hidden with Christ in God.",Colossians 3:3,"Hidden. Protected. Secure. That's your position.

In what area of life do you most need to feel that security? 🤍",calm
136,ab_choice,Serving with your gifts or growing in your weaknesses?,Each of you should use whatever gift you have received to serve others.,1 Peter 4:10,"Gifts bring joy. Weaknesses build character. Both are needed.

Are you in a season of using your gifts or growing through your weaknesses? 👇",uplifting
137,psychological_distance,"What does it mean to receive correction as love, not rejection?","Because the Lord disciplines the one he loves, as a father the son he delights in.",Hebrews 12:6,"Discipline from someone who delights in you feels different than punishment.

How do you tend to receive correction from God — as love or as rejection? 👇",reflective
138,psychological_distance,What's the hardest part of receiving something you didn't earn?,"For it is by grace you have been saved, through faith — and this is not from yourselves, it is the gift of God.",Ephesians 2:8,"A gift isn't earned. It's received. That's the whole thing.

What's the hardest part of receiving something you didn't earn? 🎁",calm
139,ab_choice,Drawing from community in hard times or processing alone first?,"Carry each other's burdens, and in this way you will fulfill the law of Christ.",Galatians 6:2,"Both have value. But one of them was meant to be shared.

Do you reach for community first when you're struggling, or process alone? 👇",calm
140,psychological_distance,What does it look like to trust God when the outcome isn't what you hoped for?,"Even if he does not, we want you to know, Your Majesty, that we will not serve your gods.",Daniel 3:18,"Even if. That's the hardest and most faithful prayer there is.

What 'even if' are you facing right now? 👇",reflective
141,simple_response,What's one thing God has been teaching you lately?,I will instruct you and teach you in the way you should go.,Psalm 32:8,"He's always teaching. The question is whether we're paying attention.

What's God been teaching you this season? 👇",reflective
142,psychological_distance,What does it mean to have a faith that outlasts the applause?,For God is not unjust; he will not forget your work and the love you have shown him.,Hebrews 6:10,"No applause required. He remembers even the unseen faithfulness.

What faithful work have you done that no one clapped for? 👇",reflective
143,psychological_distance,What does it mean to you that God's ways are higher than your ways?,"As the heavens are higher than the earth, so are my ways higher than your ways.",Isaiah 55:9,"Higher doesn't mean distant. It means trustworthy even when confusing.

What plan of God's confuses you but you're choosing to trust anyway? 👇",reflective
144,psychological_distance,What does it mean to have unshakable joy in a shakable world?,Though the earth give way and the mountains fall into the heart of the sea... there is a river whose streams make glad the city of God.,"Psalm 46:2,4","A river of joy running underneath the chaos.

What's kept your joy steady in an unsteady season? 💛",uplifting
145,ab_choice,Confessing your sin to God alone or to a trusted believer?,Therefore confess your sins to each other and pray for each other so that you may be healed.,James 5:16,"Both bring freedom. But one is harder for most people.

Do you tend to confess to God alone or to a trusted person? 👇",reflective
146,psychological_distance,What achievement do you most struggle to detach your worth from?,But whatever were gains to me I now consider loss for the sake of Christ.,Philippians 3:7,"The things you built your identity on — He's asking you to set them down.

What achievement do you most struggle to detach your worth from? 👇",reflective
147,psychological_distance,What would it mean for you to find your rest in God today?,My soul finds rest in God alone; my salvation comes from him.,Psalm 62:1,"Alone. Not partly. Not alongside other things. Alone.

What would it look like to find your rest in God today? 🕊️",calm
148,ab_choice,Fighting for your family or surrendering them to God?,The Lord will keep you from all harm — he will watch over your life.,Psalm 121:7,"Fighting and surrendering aren't opposites in faith. They often happen at the same time.

Are you in a fighting-for-your-family season or a surrendering-them season? 👇",calm
149,psychological_distance,"What does it mean to be made new — not fixed, but new?","Therefore, if anyone is in Christ, the new creation has come.",2 Corinthians 5:17,"You are not who you were. That's the whole point.

What old version of yourself have you left behind? 🔥",uplifting
150,simple_response,"What's your honest answer to 'How are you, really?'","Search me, God, and know my heart; test me and know my anxious thoughts.",Psalm 139:23,"Not the surface answer. The real one.

How are you, really? You can be honest here 👇",reflective
151,psychological_distance,What are you spiritually hungry for that you haven't admitted yet?,"Blessed are those who hunger and thirst for righteousness, for they will be filled.",Matthew 5:6,"Hunger is a gift. It means you know what you need.

What are you hungry for in your faith right now? 👇",reflective
152,psychological_distance,What does continuous prayer look like on a practical weekday?,Pray continually.,1 Thessalonians 5:17,"Prayer isn't just an event. It's a posture.

What does continuous prayer look like in a practical day? 👇",reflective
153,psychological_distance,What would you tell your younger self about fear?,"Do not fear, for I am with you; do not be dismayed, for I am your God.",Isaiah 41:10,"Your younger self needed to hear this. Maybe you still do.

What's one fear you've finally let go of? 👇",calm
154,ab_choice,Prayer or worship — which fuels you more?,"Rejoice always, pray continually, give thanks in all circumstances.",1 Thessalonians 5:16-18,"Both are conversations with God. Just different frequencies.

Prayer or worship — which one fills you up more? 👇",uplifting
155,psychological_distance,What would you prioritize differently if you knew time was short?,"Teach us to number our days, that we may gain a heart of wisdom.",Psalm 90:12,"Urgency has a way of clarifying what actually matters.

What would you prioritize differently? 👇",reflective
156,psychological_distance,What does running your own race — not someone else's — look like?,Let us run with perseverance the race marked out for us.,Hebrews 12:1,"Your race isn't someone else's. You can't run it by comparing.

What does running your own race look like right now? 🏃",uplifting
157,ab_choice,Trusting God with your career or your family?,"Unless the Lord builds the house, the builders labor in vain.",Psalm 127:1,"Both require deep surrender. But they hit differently.

Which is harder to fully trust God with — your career or your family? 👇",reflective
158,psychological_distance,What has God been quietly whispering to you lately?,After the fire came a gentle whisper.,1 Kings 19:12,"The loudest answers often come in the smallest moments.

What has God been quietly saying to you lately? 🤍",calm
159,simple_response,What's your go-to verse when anxiety hits?,"Do not be anxious about anything, but in every situation, by prayer and petition, present your requests to God.",Philippians 4:6,"Everyone has one. The verse that talks anxiety down off the ledge.

What's yours? Share it below 👇",calm
160,psychological_distance,What does it mean to abide even when you don't feel particularly spiritual?,"Remain in me, as I also remain in you.",John 15:4,"Abiding isn't a feeling. It's a decision to stay, regardless of the feeling.

What does abiding look like on a day when you don't feel spiritual at all? 👇",calm
161,psychological_distance,In what ways do you struggle to love yourself the way God loves you?,Love your neighbor as yourself.,Mark 12:31,"The command assumes you love yourself. Not arrogantly — truthfully.

In what ways do you struggle to love yourself well? 🤍",reflective
162,psychological_distance,What does pressing into God look like when you feel spiritually dry?,"As the deer pants for streams of water, so my soul pants for you, my God.",Psalm 42:1,"Dry seasons are real. But thirst leads you to water.

What do you do when you feel spiritually dry? 👇",reflective
163,ab_choice,Worship through music or worship through action?,Offer your bodies as a living sacrifice — this is your true and proper worship.,Romans 12:1,"Both are worship. But they feel completely different.

Does worship feel more alive for you in song or in service? 🎵",uplifting
164,psychological_distance,What truth about God has quietly rewritten your life?,The Lord is my shepherd; I lack nothing.,Psalm 23:1,"One truth, fully received, can rewrite a life.

What's the one thing about God that anchors you? ⚓",calm
165,psychological_distance,What does it mean to have unwavering hope in a wavering world?,"Let us hold unswervingly to the hope we profess, for he who promised is faithful.",Hebrews 10:23,"Unswerving because the One who promised doesn't waver.

What helps you hold hope unswervingly right now? 👇",uplifting
166,ab_choice,Praying for a miracle or trusting the process?,"Rejoice always, pray continually, give thanks in all circumstances.",1 Thessalonians 5:16-18,"Both are faith. Just different expressions.

Are you in miracle-prayer mode or trust-the-process mode? 🙏",uplifting
167,psychological_distance,What does spiritual warfare actually look like in your daily life?,"For our struggle is not against flesh and blood, but against the rulers, against the authorities, against the powers of this dark world.",Ephesians 6:12,"The real battle is rarely with the person in front of you.

What battle in your life is actually a spiritual one? 👇",reflective
168,simple_response,Save this for when you feel unseen 🤍,You are the God who sees me.,Genesis 16:13,"Said in the wilderness by someone who felt utterly alone. He saw her then. He sees you now.

Screenshot this for your hardest days 👇",calm
169,psychological_distance,What do you need to start completely fresh with today?,His mercies never come to an end; they are new every morning.,Lamentations 3:22-23,"Every morning is a reset. A clean page.

What do you need to start fresh with today? 🌅",uplifting
170,psychological_distance,Is there something you still haven't let yourself be fully forgiven for?,"As far as the east is from the west, so far has he removed our transgressions from us.",Psalm 103:12,"East and west never meet. That's how far your guilt has gone.

Is there something you still haven't let yourself be forgiven for? 🤍",calm
171,psychological_distance,What does it mean to you that God is acquainted with all your ways?,You discern my going out and my lying down; you are familiar with all my ways.,Psalm 139:3,"All of them. The good ones. The ones you're ashamed of. All.

What does it mean to be that thoroughly known by someone who still loves you? 🤍",calm
172,ab_choice,Trusting God with your reputation or protecting it yourself?,"Humble yourselves before the Lord, and he will lift you up.",James 4:10,"Your reputation in His hands is far safer than in yours.

Do you tend to protect your reputation or surrender it to God? 👇",reflective
173,psychological_distance,What does it mean to you personally that you are not alone?,For the Lord your God goes with you; he will never leave you nor forsake you.,Deuteronomy 31:6,"Not alone in the crowd. Not alone in the silence. Not alone.

When do you feel most alone — and what helps? 🤍",calm
174,psychological_distance,What does it mean to trust that even your wilderness has purpose?,I will lead her into the wilderness and speak tenderly to her.,Hosea 2:14,"The wilderness isn't punishment. Sometimes it's where He gets your full attention.

What has your wilderness season taught you that comfort never could? 👇",reflective
175,ab_choice,Believing God is near or feeling like He's distant?,The Lord is near to all who call on him.,Psalm 145:18,"Nearness isn't always felt. But it's always true.

Does God feel near or distant to you this week? 👇",calm
176,psychological_distance,What does real rest — not just sleep — look like for you?,He grants sleep to those he loves.,Psalm 127:2,"Real rest goes deeper than sleep. It's a state of the soul.

Are you truly resting, or just pausing? 🕊️",calm
177,simple_response,What's the one verse you memorized as a child?,For God so loved the world that he gave his one and only Son.,John 3:16,"The first verse most of us ever learned. Still the most powerful.

What's the first Bible verse you ever memorized? 👇",uplifting
178,psychological_distance,Where do you go when everything falls apart?,"God is our refuge and strength, an ever-present help in trouble.",Psalm 46:1,"A refuge isn't just a place of safety. It's a place of restoration.

Where do you go when everything falls apart? 👇",calm
179,psychological_distance,What does it feel like to be carried by God in a season you can't walk through?,He tends his flock like a shepherd: He gathers the lambs in his arms and carries them close to his heart.,Isaiah 40:11,"Some seasons aren't meant to be walked through. They're meant to be carried.

Are you letting Him carry you right now? 🙏",calm
180,psychological_distance,What's the hardest part of your will to surrender to God?,"Yet not as I will, but as you will.",Matthew 26:39,"The hardest prayer ever prayed — and the most powerful.

What's the hardest part of your will to surrender? 🙏",reflective
181,ab_choice,Grace or truth — which one do you lean toward naturally?,For the law was given through Moses; grace and truth came through Jesus Christ.,John 1:17,"Jesus carried both perfectly. Most of us lean one way.

Are you more naturally a grace person or a truth person? 👇",reflective
182,psychological_distance,What looks completely different when you see it from eternity's view?,For our light and momentary troubles are achieving for us an eternal glory that far outweighs them all.,2 Corinthians 4:17,"Momentary. That's what He calls the hard stuff. Momentary.

What looks different when you see it from eternity's view? 👇",uplifting
183,psychological_distance,What does it mean to you that even your enemies can become at peace with you when your ways please the Lord?,"When the ways of people please the Lord, he makes even their enemies live at peace with them.",Proverbs 16:7,"Not guaranteed. But possible in ways you wouldn't expect.

What relationship are you hoping God brings peace to? 👇",reflective
184,ab_choice,Giving time or giving money — which stretches you more?,"For where your treasure is, there your heart will be also.",Matthew 6:21,"Both reveal what you actually value. But they stretch different things.

Which one is harder for you to give generously — time or money? 👇",reflective
185,psychological_distance,What does it mean to build your house on the rock instead of the sand?,Everyone who hears these words of mine and puts them into practice is like a wise man who built his house on the rock.,Matthew 7:24,"The storm reveals what the foundation was really made of.

What's your life currently built on? 👇",reflective
186,simple_response,What's one thing you're believing God for this year?,Now to him who is able to do immeasurably more than all we ask or imagine.,Ephesians 3:20,"Immeasurably more. That's not a suggestion. That's a promise.

What are you boldly believing God for in this season? 👇",uplifting
187,psychological_distance,What small thing are you being called to be faithful in right now?,Whoever can be trusted with very little can also be trusted with much.,Luke 16:10,"Faithfulness starts small. It always does.

What small thing are you being called to be faithful in right now? 🌱",reflective
188,psychological_distance,What would it actually mean for you to let go of the past?,Forget the former things; do not dwell on the past.,Isaiah 43:18,"Letting go isn't forgetting. It's refusing to let the past write the future.

What are you still holding that you need to release? 🤍",reflective
189,psychological_distance,"What does it mean to walk out your faith with fear and trembling — not paralysis, but reverence?",Continue to work out your salvation with fear and trembling.,Philippians 2:12,"Reverent, not fearful. Taking your faith seriously without being paralyzed.

What does reverent faith look like for you? 👇",reflective
190,ab_choice,Seeking God's presence or relying on past experiences of Him?,You will seek me and find me when you seek me with all your heart.,Jeremiah 29:13,"Past encounters are fuel. But they can't replace today's seeking.

Are you actively seeking His presence or living off a past encounter? 👇",reflective
191,psychological_distance,What does it mean to have a heart of flesh instead of stone?,I will give you a new heart and put a new spirit in you; I will remove from you your heart of stone and give you a heart of flesh.,Ezekiel 36:26,"A heart that feels again. That's not weakness — that's healing.

Where have you felt your heart soften recently? 👇",uplifting
192,psychological_distance,What would today look like if you started from love instead of fear?,And so we know and rely on the love God has for us. God is love.,1 John 4:16,"Not performing for love. Not earning love. Just living in it.

What would today look like if you started from love instead of fear? 💛",uplifting
193,ab_choice,Sharing your faith verbally or demonstrating it through love?,"In the same way, let your light shine before others.",Matthew 5:16,"Some people are called to proclaim. Others to demonstrate. Most are called to both.

Do you share your faith more through words or through how you live? 👇",uplifting
194,psychological_distance,When did perseverance cost you the most — and what did it produce?,"Let us not become weary in doing good, for at the proper time we will reap a harvest.",Galatians 6:9,"The hardest moments to keep going are often right before the breakthrough.

What kept you from quitting? 👇",reflective
195,simple_response,What does this verse mean to you in one word?,For I am convinced that neither death nor life... will be able to separate us from the love of God.,Romans 8:38-39,"Nothing. Can. Separate. You. From. His. Love.

What does that mean to you in one word? 👇",calm
196,psychological_distance,What miracle in your life has God's fingerprints undeniably all over it?,"Not to us, Lord, not to us but to your name be the glory.",Psalm 115:1,"Some things have God's fingerprints all over them.

What miracle in your life is undeniably His? 💛",uplifting
197,psychological_distance,What would you do if you knew with certainty God would come through?,Now to him who is able to do immeasurably more than all we ask or imagine.,Ephesians 3:20,"Immeasurably more. That's not a suggestion. That's a promise.

What bold thing would you do if you knew He would come through? 🔥",uplifting
198,psychological_distance,What does it mean to grow old still bearing fruit?,"They will still bear fruit in old age, they will stay fresh and green.",Psalm 92:14,"Fruitfulness isn't just for the young and energetic.

What do you hope your faith looks like when you're older? 👇",uplifting
199,ab_choice,Serving quietly or leading boldly?,"Not so with you. Instead, whoever wants to become great among you must be your servant.",Mark 10:43,"Greatness looks different in the kingdom.

Are you wired to serve quietly or lead boldly — or both? 👇",uplifting
200,psychological_distance,What does it mean to you that God works even in the years the locusts ate?,I will repay you for the years the locusts have eaten.,Joel 2:25,"Repay. Not erase — restore. There's a difference.

What lost years is God repaying in your life? 👇",uplifting
201,psychological_distance,What does healing look like for you in this season?,He restores my soul.,Psalm 23:3,"Healing isn't always dramatic. Sometimes it's just a little more peace.

What does restoration look like in your life today? 🕊️",calm
202,ab_choice,Solitude with God or community with believers?,"For where two or three gather in my name, there am I with them.",Matthew 18:20,"Solitude deepens you. Community sharpens you. You need both.

Which one do you need more of right now? 👇",reflective
203,psychological_distance,What does it mean to you that God calls you by name?,I have called you by name; you are mine.,Isaiah 43:1,"Not a number, not a category. By name. Yours specifically.

What does it mean to you to be known that personally? 🤍",calm
204,simple_response,Type 'amen' if you needed this today 🙏,Cast all your anxiety on him because he cares for you.,1 Peter 5:7,"He cares. Not as a duty. He genuinely cares about you.

Type amen if this is exactly what you needed 👇",calm
205,psychological_distance,What do you want people to say about your faith after you're gone?,"As for me and my household, we will serve the Lord.",Joshua 24:15,"Faith isn't just for you. It echoes beyond you.

What do you want people to say about your faith after you're gone? 👇",reflective
206,psychological_distance,"If God wrote you a letter today, what would it say?",I have loved you with an everlasting love.,Jeremiah 31:3,"He already did. It's written all over your life.

What word do you think He'd use to describe you? 💛",reflective
207,psychological_distance,What broken relationship in your life do you need to bring to God?,"And the God of all grace, who called you to his eternal glory in Christ, will himself restore you.",1 Peter 5:10,"Restoration is His specialty. Even in relationships.

What relationship are you trusting God to restore? 👇",reflective
208,ab_choice,Giving generously in secret or celebrating generosity openly?,"But when you give to the needy, do not let your left hand know what your right hand is doing.",Matthew 6:3,"Jesus commended secret giving. But community celebration inspires more giving.

Are you a secret giver or an open encourager of generosity? 👇",reflective
209,psychological_distance,What does a Spirit-filled day actually look like practically for you?,Be filled with the Spirit.,Ephesians 5:18,"Filled — not just touched. Overflowing, not just sprinkled.

What does a Spirit-filled day look like for you practically? 👇",uplifting
210,psychological_distance,What does wholeness mean to you beyond just being okay?,"May your whole spirit, soul and body be kept blameless.",1 Thessalonians 5:23,"Wholeness isn't perfection. It's all of you moving in the same direction.

What part of you still needs healing? 🕊️",calm
211,ab_choice,Surrendering your past or trusting your future?,Forget the former things; do not dwell on the past.,Isaiah 43:18,"The past and future both require surrender. But they feel very different.

Which is harder for you — letting go of the past or trusting the future? 👇",uplifting
212,psychological_distance,In what area do you struggle most to believe God is enough?,The Lord is my shepherd; I lack nothing.,Psalm 23:1,"Lack nothing. Not lack less. Nothing.

In what area do you struggle most to believe He's enough? 👇",calm
213,simple_response,What's a promise from God you're standing on right now?,"Heaven and earth will pass away, but my words will never pass away.",Matthew 24:35,"His promises don't expire. They just wait for their time.

What promise are you standing on right now? Share it below 👇",uplifting
214,psychological_distance,What does it mean to you that His faithfulness is great even when yours falters?,"If we are faithless, he remains faithful, for he cannot disown himself.",2 Timothy 2:13,"Even your unfaithfulness doesn't undo His faithfulness.

What does that truth do for the guilt you're carrying? 🤍",calm
215,psychological_distance,"What does it mean to you that your tears are collected, not ignored?",Record my misery; list my tears on your scroll — are they not in your record?,Psalm 56:8,"Every tear counted. Every night remembered.

What tears have you cried that you didn't think mattered to anyone? 🤍",calm
216,psychological_distance,What part of your story do you still find hard to call redeemed?,He redeems my life from the pit and crowns me with love and compassion.,Psalm 103:4,"Redemption doesn't mean the hard thing didn't happen. It means it isn't the end.

What part of your story is hardest to call redeemed? 👇",reflective
217,ab_choice,Knowing God as Father or as Friend?,"I no longer call you servants... Instead, I have called you friends.",John 15:15,"Both reveal something different about His love for you.

Do you relate to God more as Father or Friend? 👇",calm
218,psychological_distance,What does it mean that God is both with you and for you?,"The Lord your God is with you, the Mighty Warrior who saves.",Zephaniah 3:17,"With you means presence. For you means power. Both. At the same time.

What would it look like to really believe He's both? 💛",uplifting
219,psychological_distance,What does it mean to have a faith that doesn't need to see to believe?,Blessed are those who have not seen and yet have believed.,John 20:29,"Believing without seeing is harder — and somehow deeper.

What are you believing for that you haven't seen yet? 👇",reflective
220,ab_choice,Finding God in nature or in Scripture?,The heavens declare the glory of God; the skies proclaim the work of his hands.,Psalm 19:1,"Both are His voice. Just different languages.

Do you find it easier to encounter God in creation or in the Word? 🌿",calm
221,psychological_distance,What does a full life look like to you beyond material things?,"The thief comes only to steal and kill and destroy; I have come that they may have life, and have it to the full.",John 10:10,"Full life isn't about what you own. It's about how alive you feel.

What does a full life look like to you? 💛",uplifting
222,simple_response,Tag someone whose faith has never wavered 🦁,Now faith is confidence in what we hope for and assurance about what we do not see.,Hebrews 11:1,"That kind of faith isn't loud. It's just steady. Year after year.

Tag someone whose steady faith has inspired you 👇",uplifting
223,psychological_distance,What part of how you were made do you struggle to call wonderful?,I praise you because I am fearfully and wonderfully made; your works are wonderful.,Psalm 139:14,"Fearfully — with awe. Wonderfully — with intention. That's you.

What part of how you were made do you struggle to call wonderful? 🤍",calm
224,psychological_distance,What does it mean to walk confidently even when you can't see the whole path?,"For we walk by faith, not by sight.",2 Corinthians 5:7,"You don't need the whole map. Just the next step.

What's the next step you can take even without seeing the whole path? 👇",uplifting
225,psychological_distance,How has God shown up when you least expected it?,"And surely I am with you always, to the very end of the age.",Matthew 28:20,"The moments that catch you off guard are often the most sacred.

Share one time He surprised you. 👇",uplifting
226,ab_choice,Processing pain through journaling or through prayer?,I pour out before him my complaint; before him I tell my trouble.,Psalm 142:2,"Both are honest conversations with God. One is written. One is spoken.

When you're hurting, do you reach for a journal or drop to your knees? 👇",reflective
227,psychological_distance,How would owning nothing and stewarding everything change your relationship with money?,"The earth is the Lord's, and everything in it.",Psalm 24:1,"If it all belongs to Him, what does that make you? A steward, not an owner.

How would that shift change your relationship with money? 👇",reflective
228,psychological_distance,What does being chosen by God mean to you personally?,"You did not choose me, but I chose you.",John 15:16,"He chose you knowing everything. That's not selection. That's love.

What does being chosen by God mean to you personally? 🤍",uplifting
229,ab_choice,Surrendering your timeline or holding onto your dreams?,"Many are the plans in a person's heart, but it is the Lord's purpose that prevails.",Proverbs 19:21,"Your dreams aren't the enemy. Your grip on them might be.

What dream are you finding hardest to hold loosely? 👇",reflective
230,psychological_distance,What does everyday worship look like beyond Sunday morning?,Offer your bodies as a living sacrifice — this is your true and proper worship.,Romans 12:1,"Worship is less about what you sing and more about how you live.

What does everyday worship look like for you? 👇",reflective
231,simple_response,Share this with the strongest person you know 🦁,The Lord is my strength and my song; he has given me victory.,Exodus 15:2,"Sometimes the strongest people need reminding where their strength comes from.

Share this with someone whose strength has always amazed you 💛",uplifting
232,psychological_distance,How does being loved first change how you love others?,"But God demonstrates his own love for us in this: While we were still sinners, Christ died for us.",Romans 5:8,"He didn't wait for you to get it together. He loved you first.

How does being loved first change how you love others? 🤍",uplifting
233,psychological_distance,What does it mean to walk in the good works prepared in advance for you?,"For we are God's handiwork, created in Christ Jesus to do good works, which God prepared in advance for us to do.",Ephesians 2:10,"Prepared in advance. Before you were even born, the works were ready.

What good work do you sense God preparing you for? 👇",uplifting
234,psychological_distance,What does it mean to have a faith that's tested but not shaken?,"These have come so that the proven genuineness of your faith... may result in praise, glory and honor.",1 Peter 1:7,"Tested faith isn't weaker. It's proven.

What trial has actually strengthened your faith instead of breaking it? 👇",uplifting
235,ab_choice,Finding God in the beautiful or in the broken?,He has made everything beautiful in its time.,Ecclesiastes 3:11,"Beauty declares His glory. Brokenness reveals His nearness.

Where do you encounter God most — in beauty or in brokenness? 👇",reflective
236,psychological_distance,What does it mean to you that God's love is not based on your performance?,"But because of his great love for us, God, who is rich in mercy, made us alive with Christ.",Ephesians 2:4-5,"Rich in mercy. Not dependent on your track record.

How does love without conditions change how you show up today? 🤍",uplifting
237,psychological_distance,What would surrender actually look like for you today?,Cast all your anxiety on him because he cares for you.,1 Peter 5:7,"Surrender isn't giving up. It's trusting something greater.

What are you holding onto that you need to release? 🤍",calm
238,ab_choice,Praying for yourself or interceding for others?,"I urge, then, first of all, that petitions, prayers, intercession and thanksgiving be made for all people.",1 Timothy 2:1,"Both are needed. But most of us default to one.

Do you find it easier to pray for yourself or for others? 👇",uplifting
239,psychological_distance,Have you ever felt God closest in your pain rather than your joy?,The Lord is close to the brokenhearted and saves those who are crushed in spirit.,Psalm 34:18,"He doesn't wait for you to be okay. He comes to you in the breaking.

Has there been a moment you felt Him closest in your pain? 💛",calm
240,simple_response,Drop a 🔥 if your faith is being stretched right now,"Consider it pure joy, my brothers and sisters, whenever you face trials of many kinds.",James 1:2,"Stretched faith is growing faith. Even when it hurts.

Drop a 🔥 if God is stretching you right now.",uplifting
241,psychological_distance,What's your biggest source of anxiety right now — and have you brought it to Him?,"Do not worry about tomorrow, for tomorrow will worry about itself.",Matthew 6:34,"Not suppress it. Not ignore it. Actually live free from it.

What's your biggest source of anxiety right now? 👇",calm
242,psychological_distance,What does it mean to trust God with the timeline of your healing?,He heals the brokenhearted and binds up their wounds.,Psalm 147:3,"Binding up takes time. Healing isn't instant most of the time.

What are you needing patience with in your healing journey? 👇",calm
243,psychological_distance,What does it mean to boast in your weaknesses instead of hiding them?,"Therefore I will boast all the more gladly about my weaknesses, so that Christ's power may rest on me.",2 Corinthians 12:9,"Boasting in weakness sounds backwards. That's exactly the point.

What weakness could you start being honest about instead of hiding? 👇",reflective
244,ab_choice,Celebrating small wins or pressing for bigger things?,"Do not despise these small beginnings, for the Lord rejoices to see the work begin.",Zechariah 4:10,"Small wins are faithfulness recognized. Big things require them as foundations.

Are you celebrating where you are or pressing for where you're going? 👇",uplifting
245,psychological_distance,What does it mean to walk humbly when you have every reason to be proud?,"Let another praise you, and not your own mouth.",Proverbs 27:2,"The strongest people are often the quietest about their strength.

Where is God inviting you into humility right now? 👇",reflective
246,psychological_distance,What has suffering produced in you that comfort never could?,"We also glory in our sufferings, because we know that suffering produces perseverance.",Romans 5:3,"Pain is one of God's most efficient teachers.

What has your hardest season grown in you? 💛",reflective
247,ab_choice,Early morning quiet time or late night prayer?,"In the morning, Lord, you hear my voice; in the morning I lay my requests before you.",Psalm 5:3,"There's no wrong answer. God is awake for both.

Are you a morning devotion person or a late night prayer person? 🌅🌙",calm
248,psychological_distance,When have you felt truly seen by God in a moment of invisibility?,You are the God who sees me.,Genesis 16:13,"Said by someone in the desert, alone, afraid. And God saw her.

When have you felt truly seen by God? 🤍",calm
249,simple_response,What verse is God putting on your heart this week?,Let the word of Christ dwell in you richly.,Colossians 3:16,"Not a random verse — the one that keeps coming back.

What Scripture is following you around this week? 👇",uplifting
250,psychological_distance,What does it mean to be held by God in your darkest valley?,"Even though I walk through the darkest valley, I will fear no evil, for you are with me.",Psalm 23:4,"The valley isn't the end. It's where He meets you.

What valley are you walking through right now? 👇",calm
251,psychological_distance,What does living as a citizen of heaven change about how you live on earth?,But our citizenship is in heaven.,Philippians 3:20,"You belong somewhere else. That changes everything about how you live here.

How does your heavenly citizenship shape how you live today? 🌟",uplifting
252,psychological_distance,What has waiting taught you that rushing never could?,Wait for the Lord; be strong and take heart and wait for the Lord.,Psalm 27:14,"Waiting is one of God's most underrated classrooms.

What are you still waiting for? 👇",reflective
253,ab_choice,Trusting God with your health or your relationships?,Cast all your anxiety on him because he cares for you.,1 Peter 5:7,"Both require a level of surrender that isn't easy.

Which is harder for you to trust Him with — your health or your relationships? 👇",calm
254,psychological_distance,What does your faith look like on the hardest days?,"My grace is sufficient for you, for my power is made perfect in weakness.",2 Corinthians 12:9,"Faith isn't always strong. Sometimes it's just holding on.

What does holding on look like for you right now? 🙏",reflective
255,psychological_distance,What does contentment actually feel like when you're still waiting for more?,Godliness with contentment is great gain.,1 Timothy 6:6,"Contentment isn't settling. It's trusting the One who holds what's next.

What are you waiting for — and can you be content in the waiting? 👇",calm
256,ab_choice,Pursuing holiness or resting in grace?,Make every effort to live in peace with everyone and to be holy.,Hebrews 12:14,"Holiness is the pursuit. Grace is the fuel. You can't have one without the other.

Do you lean more toward striving for holiness or resting in grace? 👇",reflective
257,psychological_distance,What does it mean to carry your cross daily in an ordinary life?,Whoever wants to be my disciple must deny themselves and take up their cross daily and follow me.,Luke 9:23,"Not a dramatic gesture. Daily. In the small choices.

What does picking up your cross look like in an ordinary day? 👇",reflective
258,simple_response,Share this with someone who needs peace today 🕊️,Peace I leave with you; my peace I give you. I do not give to you as the world gives.,John 14:27,"His peace isn't the world's version. It's different in a way you feel in your chest.

Who needs this today? Share it with them 👇",calm
259,psychological_distance,What does it mean to trust God with the parts of your story you're ashamed of?,"As far as the east is from the west, so far has he removed our transgressions from us.",Psalm 103:12,"Removed. Not hidden — removed.

What part of your story do you still hide instead of surrender? 👇",calm
260,psychological_distance,"What does it mean to trust that God completes what He starts, even slowly?","Being confident of this, that he who began a good work in you will carry it on to completion.",Philippians 1:6,"Started. Carried on. Completed. All by Him, not you.

What unfinished work in you are you trusting Him to complete? 👇",uplifting
261,psychological_distance,What miracle are you still quietly believing God for?,"Truly I tell you, if you have faith as small as a mustard seed, nothing will be impossible for you.",Matthew 17:20,"The waiting is part of the miracle's story.

What are you still believing God for? 🙏",uplifting
262,ab_choice,Practicing Sabbath rest or redeeming every hour for God?,Remember the Sabbath day by keeping it holy.,Exodus 20:8,"Rest is a commandment, not a reward. But so is faithful work.

Do you practice Sabbath, or do you struggle to stop? 👇",calm
263,psychological_distance,What does it mean to press toward the goal without losing heart along the way?,"Not that I have already obtained all this, or have already arrived at my goal, but I press on.",Philippians 3:12,"Pressing on doesn't mean arriving. It means staying in motion.

What keeps you pressing on when you haven't arrived yet? 👇",reflective
264,psychological_distance,What does it look like to honor God in your work this week?,"Whatever you do, work at it with all your heart, as working for the Lord.",Colossians 3:23,"Not for your boss. Not for recognition. For Him.

What would working for God instead of people look like in your job? 👇",uplifting
265,ab_choice,Seeking growth through discomfort or consolidating what you've learned?,"Consider it pure joy, my brothers and sisters, whenever you face trials of many kinds.",James 1:2,"Seasons of growth and seasons of consolidation are both necessary.

Are you in a growing-through-discomfort season or a consolidating season? 👇",uplifting
266,psychological_distance,What does it mean that your labor in the Lord is never in vain?,"Always give yourselves fully to the work of the Lord, because you know that your labor in the Lord is not in vain.",1 Corinthians 15:58,"Not in vain. Even when you can't see the fruit yet.

What labor of love have you wondered if it even matters? 👇",uplifting
267,simple_response,What's the verse that best describes this season of your life?,"For everything there is a season, and a time for every matter under heaven.",Ecclesiastes 3:1,"Every season has a verse that captures it.

What verse describes the season you're in right now? 👇",reflective
268,psychological_distance,What does it mean to be an ambassador of reconciliation in a divided world?,God was reconciling the world to himself in Christ... and he has committed to us the message of reconciliation.,2 Corinthians 5:19,"Not division. Reconciliation. That's the assignment.

Where is God calling you to be a peacemaker right now? 👇",uplifting
269,psychological_distance,Where does your light shine brightest without even trying?,You are the light of the world.,Matthew 5:14,"Light doesn't try to be light. It just shines.

Where does your light shine brightest? 💡",uplifting
270,psychological_distance,What are you currently fixing your eyes on instead of Jesus?,"Fixing our eyes on Jesus, the pioneer and perfecter of faith.",Hebrews 12:2,"When you fix your eyes on Him, everything else comes into right proportion.

What are you currently fixing your eyes on instead? 👇",uplifting
271,ab_choice,Resting in God's sovereignty or praying with persistence?,The prayer of a righteous person is powerful and effective.,James 5:16,"Sovereignty doesn't replace prayer. It's the foundation it rests on.

Do you tend toward resting in sovereignty or pressing in persistent prayer? 👇",reflective
272,psychological_distance,What has God turned around in your story that once felt unredeemable?,"He has sent me to bind up the brokenhearted, to proclaim freedom for the captives.",Isaiah 61:1,"Nothing in your story is beyond what He can work with.

What has He turned around that surprised you most? 💛",uplifting
273,psychological_distance,What does it look like when you trust God with your health?,"Dear friend, I pray that you may enjoy good health and that all may go well with you.",3 John 1:2,"Body, soul, and spirit. He cares about all of it.

How do you trust God when your body doesn't cooperate? 👇",calm
274,ab_choice,Reading Scripture for comfort or for challenge?,"All Scripture is God-breathed and is useful for teaching, rebuking, correcting and training in righteousness.",2 Timothy 3:16,"Comfort meets you where you are. Challenge moves you forward. You need both.

Do you read Scripture more for comfort or for challenge right now? 📖",reflective
275,psychological_distance,What would your friendships look like if you loved others the way God loves you?,Greater love has no one than this: to lay down one's life for one's friends.,John 15:13,"Laying down your life doesn't have to be dramatic. Sometimes it's just your time.

What would it look like to love your friends more sacrificially? 💛",uplifting
276,simple_response,Drop a 💛 if God has been faithful to you this year,"Know therefore that the Lord your God is God; he is the faithful God, keeping his covenant of love.",Deuteronomy 7:9,"Faithfulness isn't always dramatic. Sometimes it's just... He showed up again.

Drop a 💛 if He's been faithful to you this year.",uplifting
277,psychological_distance,What does it mean to you that the Creator of the universe calls you His friend?,"I no longer call you servants... Instead, I have called you friends.",John 15:15,"Servants know the rules. Friends know the heart. He called you a friend.

What does friendship with God look like in your day-to-day? 💛",uplifting
278,psychological_distance,What do you wish you'd known about God five years ago?,"My thoughts are not your thoughts, neither are your ways my ways.",Isaiah 55:8,"Looking back always reveals what looking forward couldn't.

What would you tell your five-years-ago self? 💛",reflective
279,psychological_distance,What battle do you need to stop fighting in your own strength?,The Lord will fight for you; you need only to be still.,Exodus 14:14,"You are not your own defender. He is.

What battle do you need to stop fighting in your own strength? 🙏",calm
280,ab_choice,Daily Scripture or extended Bible study?,Let the word of Christ dwell in you richly.,Colossians 3:16,"A verse a day keeps the drift away. But deep study builds the foundation.

Are you a daily-verse person or a deep-study person? 📖",reflective
281,psychological_distance,What does it mean to you that His yoke is easy and burden is light?,For my yoke is easy and my burden is light.,Matthew 11:30,"Not no burden. A lighter one, carried alongside Him.

What burden have you been carrying alone that He's offering to share? 👇",calm
282,psychological_distance,What prayer surprised you when God finally answered it?,Before they call I will answer; while they are still speaking I will hear.,Isaiah 65:24,"The answered prayer you'd stopped expecting is the sweetest kind.

What prayer surprised you when it was answered? 💛",uplifting
283,ab_choice,Faith-filled boldness or humble dependence?,"Humble yourselves before the Lord, and he will lift you up.",James 4:10,"Bold faith and humble dependence aren't opposites. But we usually lean one way.

Which one do you naturally lean toward? 👇",reflective
284,psychological_distance,What would radical financial trust in God look like for you?,And my God will meet all your needs according to the riches of his glory in Christ Jesus.,Philippians 4:19,"Money is one of the last things we surrender. And one of the most revealing.

What would radical financial trust look like for you? 👇",reflective
285,simple_response,Save this for 3am when sleep won't come 🌙,He will not let your foot slip — he who watches over you will not slumber.,Psalm 121:3,"He's awake. Always. Even at 3am when everything feels louder.

Screenshot this for your next sleepless night 🤍",calm
286,psychological_distance,What would loving like Jesus cost you in your closest relationships?,"A new command I give you: Love one another. As I have loved you, so you must love one another.",John 13:34,"The standard isn't love as you've been loved by people. It's love as He loved.

What would that kind of love cost you? 💛",uplifting
287,psychological_distance,What decision looks different when you view it from eternity?,"Set your minds on things above, not on earthly things.",Colossians 3:2,"Eternity isn't just a destination. It's a lens for the present.

What decision looks different when you view it from eternity? 👇",reflective
288,psychological_distance,What does it mean that the Lord is your shield and your very great reward?,"I am your shield, your very great reward.",Genesis 15:1,"Protection and reward, wrapped up in one relationship.

What does it mean to you that He is both your shield and your reward? 💛",uplifting
289,ab_choice,Starting over or finishing strong?,I press on toward the goal to win the prize for which God has called me heavenward in Christ Jesus.,Philippians 3:14,"New beginnings are exciting. Finishing what you started is character.

Is God calling you to start fresh or to finish something? 👇",uplifting
290,psychological_distance,"How do you feed yourself spiritually on a busy, distracted day?","Man shall not live on bread alone, but on every word that comes from the mouth of God.",Matthew 4:4,"The Word isn't optional nourishment. It's the main meal.

How do you feed yourself spiritually on a busy day? 🍞",reflective
291,psychological_distance,How does knowing your position in Christ change how you face today?,And God raised us up with Christ and seated us with him in the heavenly realms.,Ephesians 2:6,"Your position isn't determined by your performance. It's already settled.

How does knowing your position change how you face today? 👇",uplifting
292,ab_choice,Praying Scripture back to God or using your own words?,Let the word of Christ dwell in you richly.,Colossians 3:16,"Both are powerful. One uses His words. One uses yours. He loves hearing both.

Do you prefer praying Scripture or your own words? 👇",calm
293,psychological_distance,How does representing Christ reframe what you do every single day?,We are therefore Christ's ambassadors.,2 Corinthians 5:20,"An ambassador doesn't represent themselves. They represent the one who sent them.

How does that reframe what you do every day? 🌍",uplifting
294,simple_response,Type 'still standing' if God has kept you through something that should have broken you,He gives strength to the weary and increases the power of the weak.,Isaiah 40:29,"Weary but standing. Weak but held.

Type 'still standing' if God has carried you through the unimaginable 💪",uplifting
295,psychological_distance,What does it mean to you that God is your defender?,No weapon forged against you will prevail.,Isaiah 54:17,"Forged against you. But it won't prevail. That's not a maybe.

What attack on your life do you need to hand over to your Defender? 🙏",uplifting
296,psychological_distance,What has God used in your life that you would never have chosen?,But God chose the foolish things of the world to shame the wise.,1 Corinthians 1:27,"His methods rarely look like ours. And somehow they work better.

What unlikely thing has God used in your story? 💛",uplifting
297,psychological_distance,What truth keeps rescuing you no matter how many times you need it?,"Then you will know the truth, and the truth will set you free.",John 8:32,"Some truths don't just inform you — they liberate you.

What truth keeps rescuing you? 💛",uplifting
298,ab_choice,Trusting God with your singleness or your marriage?,It is not good for the man to be alone.,Genesis 2:18,"Both require faith. Both have unique challenges.

Which is harder for you to fully trust God with right now? 👇",reflective
299,psychological_distance,What area of your life most needs to be surrendered to God's authority?,"Submit yourselves, then, to God. Resist the devil, and he will flee from you.",James 4:7,"Submission precedes resistance. You can't stand against what you haven't given to Him.

What area of your life are you still holding authority over? 👇",reflective
300,psychological_distance,"What does it mean to trust that your prayers are being kept, not lost?",The prayers of God's people... rose up before God from the angel's hand.,Revelation 8:4,"Your prayers don't disappear into silence. They rise.

What prayer are you trusting is still being held, not forgotten? 👇",calm
301,ab_choice,Speaking blessing over your life or speaking doubt?,The tongue has the power of life and death.,Proverbs 18:21,"Your words shape more than you realize — starting with your own heart.

Which have you been speaking over yourself lately — blessing or doubt? 👇",reflective
302,psychological_distance,What does it mean that even your ordinary offerings can be multiplied by God?,Five loaves and two fish are all we have here.,Matthew 14:17,"It wasn't enough. Until it was given to Him.

What small offering are you holding back because it seems too little? 👇",uplifting
303,simple_response,Drop the name of your favorite book of the Bible below 📖,"In the beginning was the Word, and the Word was with God, and the Word was God.",John 1:1,"66 books. One story. A thousand ways it finds you.

Drop your favorite book of the Bible below 👇",uplifting
304,psychological_distance,How would you honestly describe your relationship with God right now?,Draw near to God and He will draw near to you.,James 4:8,"Honest answers are the ones that lead somewhere.

Close, distant, complicated, or growing? Which one? 🤍",reflective
305,psychological_distance,What would your inner monologue sound like if it was filtered through grace?,"Finally, brothers and sisters, whatever is true, whatever is noble, whatever is right — think about such things.",Philippians 4:8,"The thoughts you let stay shape everything else.

What thought do you most need to replace with truth today? 👇",calm
306,psychological_distance,What does it mean to walk in obedience even when you don't understand the reason?,"By faith Abraham, when called to go to a place he would later receive as his inheritance, obeyed and went, even though he did not know where he was going.",Hebrews 11:8,"He didn't wait for the map. He obeyed first.

What's one act of obedience you're being asked to take without knowing why? 👇",uplifting
307,ab_choice,Responding to hardship with questions or with trust?,"Though he slay me, yet will I hope in him.",Job 13:15,"Questions and trust aren't opposites. But we usually lean one direction first.

When something hard hits, do you reach for questions or trust first? 👇",reflective
308,psychological_distance,What does being salt in your specific world look like?,You are the salt of the earth.,Matthew 5:13,"Salt preserves. Salt flavors. Salt makes people thirsty.

What does being salt look like in your specific world? 🌍",reflective
309,psychological_distance,What would your testimony sound like if you told it completely honestly?,They triumphed over him by the blood of the Lamb and by the word of their testimony.,Revelation 12:11,"Your story, told honestly, is someone else's lifeline.

What's the part of your testimony you rarely share? 👇",uplifting
310,ab_choice,Loving your enemy or setting boundaries with them?,"But I tell you, love your enemies and pray for those who persecute you.",Matthew 5:44,"Jesus said love them. He didn't say let them harm you.

Are you in a love-your-enemy season or a boundary-setting season? 👇",reflective
311,psychological_distance,What does it mean to you that nothing catches God by surprise?,Your eyes saw my unformed body; all the days ordained for me were written in your book before one of them came to be.,Psalm 139:16,"Every day of your life was already written before it happened.

How does that change how you face an uncertain future? 🤍",calm
312,simple_response,What's a Bible story that hits differently as an adult?,"But God demonstrates his own love for us in this: While we were still sinners, Christ died for us.",Romans 5:8,"Some stories land differently once life has given you more context.

What Bible story do you understand differently now than you did as a child? 👇",reflective
313,psychological_distance,"What would it look like to live sent, not just saved?","As the Father has sent me, I am sending you.",John 20:21,"Saved is the beginning. Sent is the calling.

Where do you feel sent right now? 👇",uplifting
314,psychological_distance,What would your response to failure look like if grace was your first thought?,"For though the righteous fall seven times, they rise again.",Proverbs 24:16,"Seven times. And they rise. The falling isn't the failure — the staying down is.

How does grace change how you respond to your own failures? 👇",uplifting
315,psychological_distance,What would you attempt if failure wasn't on the table?,I can do all this through him who gives me strength.,Philippians 4:13,"The version of you with nothing to lose is braver than you think.

What's the dream you've been afraid to chase? 🔥",uplifting
316,ab_choice,Moving by faith or waiting for confirmation?,The righteous will live by faith.,Romans 1:17,"Faith sometimes moves before confirmation comes. And sometimes confirmation is the step of faith.

Do you tend to move before confirmation or wait until you feel sure? 👇",uplifting
317,psychological_distance,What does your heart long for that you haven't said out loud?,"Delight yourself in the Lord, and he will give you the desires of your heart.",Psalm 37:4,"The deepest longings are often the truest ones.

What does your heart want that you haven't said out loud? 👇",reflective
318,psychological_distance,What does it mean to be grafted into something bigger than yourself?,"I am the vine; you are the branches. If you remain in me and I in you, you will bear much fruit.",John 15:5,"You were never meant to produce alone. You were made to abide.

What does remaining in the vine look like practically for you? 🌿",uplifting
319,ab_choice,Public faith or private devotion?,"But when you pray, go into your room, close the door and pray to your Father.",Matthew 6:6,"Both matter. Most of us do one better than the other.

Are you stronger in your public faith or your private devotion? 👇",reflective
320,psychological_distance,What's one thing you're grateful for that you usually overlook?,"Give thanks to the Lord, for he is good; his love endures forever.",Psalm 107:1,"Gratitude doesn't deny difficulty. It just refuses to let it be the whole story.

What's one thing you're grateful for that you usually overlook? 💛",uplifting
321,simple_response,Share with someone going through something hard right now 💛,The Lord is close to the brokenhearted and saves those who are crushed in spirit.,Psalm 34:18,"He doesn't wait for the storm to pass to show up. He comes in the middle of it.

Share this with someone in the storm right now 👇",calm
322,psychological_distance,What would it look like to lead with humility in your most important relationship?,"Do nothing out of selfish ambition or vain conceit. Rather, in humility value others above yourselves.",Philippians 2:3,"Humility in relationships is the hardest kind. And the most powerful.

What would leading with humility look like in your most important relationship? 👇",reflective
323,psychological_distance,What do you turn to when prayer feels like talking to the ceiling?,The Spirit himself intercedes for us through wordless groans.,Romans 8:26,"Prayer doesn't have to be polished. Sometimes it's just showing up.

What do you do when words won't come? 👇",reflective
324,psychological_distance,What does it mean to be the fragrance of Christ in your workplace?,For we are to God the pleasing aroma of Christ among those who are being saved.,2 Corinthians 2:15,"An aroma doesn't announce itself. It's just there, and people notice.

What does being the fragrance of Christ look like where you work? 👇",uplifting
325,ab_choice,Boldly asking God for big things or contentedly receiving what He gives?,You do not have because you do not ask God.,James 4:2,"Bold asking and contented receiving aren't opposites. They're the same trust, expressed differently.

Do you find it easier to ask boldly or receive contentedly? 👇",uplifting
326,psychological_distance,What has God taught you through a closed door?,"What he opens no one can shut, and what he shuts no one can open.",Revelation 3:7,"Closed doors are often redirections in disguise.

What closed door are you now grateful for? 👇",reflective
327,psychological_distance,What does it mean to you that God rejoices over you with singing?,The Lord your God is with you... he will rejoice over you with singing.,Zephaniah 3:17,"Singing. Over you. Not just tolerating your presence — singing.

What does it do to you to imagine God singing over your life? 💛",uplifting
328,ab_choice,Believing God for the impossible or thanking Him for what He's already done?,Is anything too hard for the Lord?,Genesis 18:14,"Asking for the impossible and thanking for the certain are both acts of faith.

Are you in a believing-for-impossible mode or a thanking-for-what's-done mode? 👇",uplifting
329,psychological_distance,What does walking humbly with God look like on a Tuesday?,And what does the Lord require of you? To act justly and to love mercy and to walk humbly with your God.,Micah 6:8,"Humility isn't thinking less of yourself. It's thinking of yourself less.

What does walking humbly look like in your daily life? 👇",reflective
330,simple_response,Type the word you need from God today ✍️,"Your word is a lamp for my feet, a light on my path.",Psalm 119:105,"Peace. Direction. Courage. Healing. Provision. Clarity.

What one word do you need from God today? Type it below 👇",calm
331,psychological_distance,What would it look like to truly love your most difficult neighbor?,Love your neighbor as yourself.,Mark 12:31,"Your neighbor might be the person you're most frustrated with right now.

Who needs your love today? 💛",uplifting
332,psychological_distance,What would being fully present with God look like today?,This is the day the Lord has made; let us rejoice and be glad in it.,Psalm 118:24,"This day. Not yesterday's regret. Not tomorrow's worry. This day.

What would being fully present with God look like for you today? 🌅",uplifting
333,psychological_distance,What has grief taught you about God?,He heals the brokenhearted and binds up their wounds.,Psalm 147:3,"Loss has a way of revealing what nothing else can.

What has pain taught you that you're grateful for? 💛",reflective
334,ab_choice,Gratitude for what you have or faith for what's coming?,Now faith is confidence in what we hope for and assurance about what we do not see.,Hebrews 11:1,"Gratitude roots you in the present. Faith pulls you toward the future.

Are you leaning into gratitude or faith right now? 👇",uplifting
335,psychological_distance,What part of yourself do you find hardest to give to God?,Love the Lord your God with all your heart and with all your soul and with all your mind.,Matthew 22:37,"All of it. Not the polished part. All of it.

What part of yourself do you find hardest to give to God? 👇",uplifting
336,psychological_distance,"What does it mean to trust that your labor and tears are seeds, not waste?",Those who sow with tears will reap with songs of joy.,Psalm 126:5,"Tears sown. Joy reaped. Nothing wasted in His economy.

What tears have you sown that you're trusting will bring a harvest? 👇",reflective
337,ab_choice,Finding God in silence or in community worship?,"After the earthquake came a fire, but the Lord was not in the fire. And after the fire came a gentle whisper.",1 Kings 19:12,"Some people hear God loudest in a crowd. Others in the quiet.

Where do you hear Him most clearly? 🤍",calm
338,psychological_distance,"What does it mean to know that your struggle has an expiration date, even when it doesn't feel like it?",For our light and momentary troubles are achieving for us an eternal glory that far outweighs them all.,2 Corinthians 4:17,"Momentary. Even when it's felt like forever.

What struggle are you trusting has an expiration date? 👇",uplifting
339,simple_response,Tag someone who has poured into your faith 💛,"As iron sharpens iron, so one person sharpens another.",Proverbs 27:17,"You didn't get here alone. Someone sharpened you.

Tag the person who has sharpened your faith most 👇",uplifting
340,psychological_distance,"What does it mean to serve God faithfully in the background, unnoticed?","So that your giving may be in secret. Then your Father, who sees what is done in secret, will reward you.",Matthew 6:4,"The unseen faithfulness is often the most Christlike.

What have you served faithfully without anyone noticing? 👇",reflective
341,psychological_distance,What does it mean that God is your portion even when you feel like you have nothing?,The Lord is my portion; therefore I will wait for him.,Lamentations 3:24,"Portion. He is your enough. Not a supplement. The main thing.

What does it mean to have God as your portion in a season of lack? 💛",calm
342,psychological_distance,What does it mean to have a hope that doesn't disappoint?,"And hope does not put us to shame, because God's love has been poured out into our hearts.",Romans 5:5,"Hope in God isn't naive. It's grounded in love that's already been proven.

What hope are you holding onto that you're confident won't disappoint? 👇",uplifting
343,ab_choice,Clinging to certainty or leaning into mystery?,Now we see only a reflection as in a mirror; then we shall see face to face.,1 Corinthians 13:12,"Faith was never meant to answer every question. Sometimes it's just holding the tension.

Are you more comfortable with certainty or mystery in your faith? 👇",reflective
344,psychological_distance,"What does it mean to let your requests be marked by gratitude, not just need?","With thanksgiving, present your requests to God.",Philippians 4:6,"Gratitude changes the posture of the ask.

What's one request you could bring with more gratitude attached? 👇",calm
345,psychological_distance,"What does it mean to you that God delights in you, not just tolerates you?","The Lord your God is with you, the Mighty Warrior who saves. He will take great delight in you.",Zephaniah 3:17,"Delight. Not tolerance. Not obligation. Delight.

How does it feel to be delighted in, not just accepted? 💛",uplifting
346,ab_choice,Living in the moment or planning with faith?,"Do not boast about tomorrow, for you do not know what a day may bring.",Proverbs 27:1,"Presence and planning aren't opposites. But we usually struggle with one.

Are you better at living in the moment or planning with faith? 👇",reflective
347,psychological_distance,What does it mean to walk in the Spirit instead of the flesh day to day?,"So I say, walk by the Spirit, and you will not gratify the desires of the flesh.",Galatians 5:16,"Walking, not sprinting. One step of surrender at a time.

What does walking in the Spirit look like for you today? 👇",reflective
348,simple_response,What's a verse you return to every single year?,His mercies never come to an end; they are new every morning; great is your faithfulness.,Lamentations 3:22-23,"Some verses are perennial. They find you in every season.

What verse do you come back to year after year? 👇",uplifting
349,psychological_distance,What would your life look like if shame had no power over you?,There is now no condemnation for those who are in Christ Jesus.,Romans 8:1,"Shame was never part of the plan. Freedom was.

What would you do if shame had no power over you? 🔥",uplifting
350,psychological_distance,What has God protected you from that you'll never fully know?,The Lord will keep you from all harm — he will watch over your life.,Psalm 121:7,"The unseen protection is often the most profound.

What near-miss are you grateful for? 🤍",calm
351,psychological_distance,"What does it mean to you that God works through the broken, not just the polished?",The Lord is close to the brokenhearted and saves those who are crushed in spirit.,Psalm 34:18,"He doesn't wait until you have it together. He works in the middle of the mess.

What area of brokenness is God currently working through in you? 👇",reflective
352,ab_choice,Deep roots in one church or wide exposure to many?,"And let us not neglect our meeting together, as some people do.",Hebrews 10:25,"Roots grow in one place. But God uses many places.

Are you a deep-roots person or a broad-exposure person? 👇",reflective
353,psychological_distance,What does hope feel like when everything feels hopeless?,But those who hope in the Lord will renew their strength.,Isaiah 40:31,"Hope isn't optimism. It's choosing to believe anyway.

What keeps you going on the dark days? 👇",uplifting
354,psychological_distance,What are you spiritually hungry for that you've been ignoring?,"Blessed are those who hunger and thirst for righteousness, for they will be filled.",Matthew 5:6,"Hunger is uncomfortable. But it's also a sign you're alive.

What are you spiritually hungry for right now? 👇",reflective
355,ab_choice,Believing in sudden breakthroughs or trusting slow transformation?,He who began a good work in you will carry it on to completion.,Philippians 1:6,"Breakthroughs are dramatic. Transformation is daily. Both are real.

Do you find yourself hoping for a breakthrough or trusting the slow process? 👇",uplifting
356,psychological_distance,What does it mean to you that Jesus prays for you right now?,"Therefore he is able to save completely those who come to God through him, because he always lives to intercede for them.",Hebrews 7:25,"Right now. While you're reading this. He's interceding for you.

What does it mean to have Jesus praying for you personally? 🤍",calm
357,simple_response,Tag someone who shows up for others before themselves 💛,"Do nothing out of selfish ambition or vain conceit. Rather, in humility value others above yourselves.",Philippians 2:3,"The quiet servants are often the most powerful people in the room.

Tag someone who always puts others first 💛",uplifting
358,psychological_distance,What would your life look like with more stillness in it?,"Be still, and know that I am God.",Psalm 46:10,"Stillness isn't emptiness. It's where clarity lives.

What would you hear if everything went quiet? 🤍",calm
359,psychological_distance,What chapter of your story would you rewrite — and what would you lose?,And we know that in all things God works for the good of those who love him.,Romans 8:28,"The chapters you'd rewrite are often the ones that shaped you most.

What would you change — and what would you lose if you did? 👇",reflective
360,psychological_distance,What are you most grateful for that you almost missed?,Give thanks in all circumstances.,1 Thessalonians 5:18,"Gratitude finds treasure where complaint finds nothing.

What almost-missed blessing are you thankful for? 💛",uplifting
361,ab_choice,Trusting God with your children's faith or trying to control their spiritual journey?,Train up a child in the way he should go; even when he is old he will not depart from it.,Proverbs 22:6,"You can plant and water. But only God gives the growth.

Do you tend to trust or control when it comes to your children's faith? 👇",reflective
362,psychological_distance,What do you need a fresh mercy for today?,His compassions never fail. They are new every morning; great is your faithfulness.,Lamentations 3:22-23,"New. Not recycled. Not leftover. New.

What do you need a fresh mercy for today? 🌅",calm
363,psychological_distance,What would change in how you carry yourself if you lived as already forgiven?,There is now no condemnation for those who are in Christ Jesus.,Romans 8:1,"Already. Past tense. Done.

What would change in how you carry yourself if you lived like that was true? 🔥",uplifting
364,ab_choice,Sitting in unanswered prayer or pressing in further?,"And will not God bring about justice for his chosen ones, who cry out to him day and night?",Luke 18:7,"Unanswered prayer is an invitation — either to persistence or to deeper trust.

When prayer goes unanswered, do you press in further or sit in it? 👇",reflective
365,psychological_distance,What's the hardest thing you've had to trust God with?,Commit your way to the Lord; trust in him and he will act.,Psalm 37:5,"The hardest surrenders often become the greatest testimonies.

What did trusting God cost you — and was it worth it? 👇",reflective
366,simple_response,What's one thing you'd tell a new believer?,Taste and see that the Lord is good; blessed is the one who takes refuge in him.,Psalm 34:8,"If you could say one thing to someone who just said yes to Jesus — what would it be?

Share it below 👇",uplifting
367,psychological_distance,When did you last feel truly seen by God?,"You have searched me, Lord, and you know me.",Psalm 139:1,"He sees the version of you that no one else does.

What part of yourself do you hide from the world? 👇",reflective
368,psychological_distance,What did you doubt that God came through on anyway?,Know therefore that the Lord your God is God; he is the faithful God.,Deuteronomy 7:9,"Faithfulness is only proven over time.

What did you doubt that He came through on anyway? 👇",reflective
369,psychological_distance,What area of pride is God quietly working on in you?,God opposes the proud but shows favor to the humble.,James 4:6,"Pride hides well. But grace exposes it gently.

What area of pride are you aware God is working on in you? 👇",reflective
370,ab_choice,Serving your local church or your global neighbor?,"Therefore, as we have opportunity, let us do good to all people.",Galatians 6:10,"Local roots. Global reach. Both matter.

Where do you feel most called to serve right now? 🌍",uplifting
371,psychological_distance,What chapter of your story are you in right now?,"For I know the plans I have for you, declares the Lord.",Jeremiah 29:11,"Every chapter is part of something bigger.

How would you title the chapter you're living right now? 📖",uplifting
372,psychological_distance,What does it mean to be loved with a love that chased you down?,We love because he first loved us.,1 John 4:19,"He went first. Every time. Before you turned around, He was already there.

What does being loved first mean to you today? 🤍",uplifting
373,ab_choice,Listening prayer or speaking prayer?,Be still before the Lord and wait patiently for him.,Psalm 37:7,"Most of us talk more than we listen — even with God.

Are you better at speaking to God or listening for Him? 👇",calm
374,psychological_distance,What does being rooted in love look like in your daily life?,"I pray that you, being rooted and established in love, may have power to grasp how wide and long and high and deep is the love of Christ.",Ephesians 3:17-18,"Roots aren't visible. But they determine everything.

What does being rooted in love look like in your daily life? 🌿",calm
375,simple_response,Share this with someone fighting a battle no one knows about 🤍,"The Lord is my strength and my shield; my heart trusts in him, and he helps me.",Psalm 28:7,"Someone in your life is fighting something in silence.

Share this with them. You might not know how much they need it.",calm
376,psychological_distance,How has God redeemed something broken in your life?,And we know that in all things God works for the good of those who love him.,Romans 8:28,"Redemption is His specialty. Nothing is wasted.

What broken thing has He turned into something beautiful? 💛",uplifting
377,psychological_distance,What does surrendering your children to God look like in practice?,"Sons are a heritage from the Lord, children a reward from him.",Psalm 127:3,"They were His before they were yours.

What does trusting God with your children look like today? 👇",reflective
378,psychological_distance,What does it mean to have a heart that seeks God even in the ordinary rhythms of the day?,You will seek me and find me when you seek me with all your heart.,Jeremiah 29:13,"Not just in crisis. In the ordinary rhythms too.

Where do you seek God in your most ordinary moments? 👇",reflective
379,ab_choice,Choosing forgiveness quickly or processing pain first?,"Be kind and compassionate to one another, forgiving each other, just as in Christ God forgave you.",Ephesians 4:32,"Forgiveness isn't denial. But it also shouldn't wait forever.

Do you tend to forgive quickly or do you need to process first? 👇",reflective
380,psychological_distance,What does courage look like in your everyday life?,Be strong and courageous. Do not be afraid.,Joshua 1:9,"Courage isn't always dramatic. Sometimes it's just showing up.

What's your small act of courage today? 🔥",uplifting
381,psychological_distance,Where do you feel God's presence most strongly?,Where can I go from your Spirit? Where can I flee from your presence?,Psalm 139:7,"He's everywhere — but certain places feel thinner somehow.

Where do you feel closest to God? 👇",calm
382,ab_choice,Faith that moves mountains or patience that outlasts storms?,By your patience possess your souls.,Luke 21:19,"Mountain-moving faith is dramatic. Patient endurance is quiet. Both are powerful.

Which one do you think God is building in you right now? 👇",reflective
383,psychological_distance,"What does it mean that your weakness qualifies you, not disqualifies you?","But he said to me, 'My grace is sufficient for you, for my power is made perfect in weakness.'",2 Corinthians 12:9,"The thing you're most ashamed of might be exactly where He wants to work.

What weakness have you been hiding instead of surrendering? 👇",reflective
384,simple_response,Drop your favorite Bible verse below 👇,"Your word is a lamp for my feet, a light on my path.",Psalm 119:105,"The verse that always finds you when you need it most.

Drop your favorite verse in the comments 👇 Let's build each other up.",uplifting
385,psychological_distance,Where have you seen God pursuing you even when you weren't looking for Him?,Surely your goodness and love will follow me all the days of my life.,Psalm 23:6,"Followed. Pursued. Chased by goodness itself.

Where have you seen God pursuing you even when you weren't looking for Him? 🤍",calm
386,psychological_distance,What would your faith look like if no one was watching?,"But when you pray, go into your room, close the door and pray to your Father.",Matthew 6:6,"The private faith is the real one.

What does your faith look like in secret? 🙏",reflective
387,psychological_distance,What helps you stay connected to God through a chaotic day?,"Remain in me, as I also remain in you.",John 15:4,"Abiding is less about doing and more about staying.

What helps you stay connected to God throughout a busy day? 👇",calm
388,ab_choice,Trusting God with your past regrets or your future fears?,Forgetting what is behind and straining toward what is ahead.,Philippians 3:13,"Past regrets and future fears are both weights He wants to carry for you.

Which one weighs heavier — past regret or future fear? 👇",uplifting
389,ab_choice,Trusting God's plan or wrestling with your own?,"Many are the plans in a person's heart, but it is the Lord's purpose that prevails.",Proverbs 19:21,"Wrestling is part of the process. Surrender is the destination.

Where are you right now — wrestling or trusting? 👇",reflective
390,ab_choice,Worshipping alone or with a congregation?,Let everything that has breath praise the Lord.,Psalm 150:6,"Both have a power the other doesn't. Both are needed.

Do you worship better alone or in a crowd? 🎵",uplifting
391,ab_choice,Leading your household spiritually or following someone else's lead?,"As for me and my household, we will serve the Lord.",Joshua 24:15,"Spiritual leadership at home is one of the most underrated forms of faithfulness.

Are you leading spiritually in your home or following someone else? 👇",reflective
392,ab_choice,Radical faith or steady faithfulness?,"His master replied, 'Well done, good and faithful servant!'",Matthew 25:21,"The headlines celebrate radical faith. Heaven celebrates steady faithfulness.

Which one do you think God is asking of you right now? 👇",uplifting
393,simple_response,Drop a 🌅 if you've watched God turn a morning of weeping into a day of joy,"Weeping may stay for the night, but rejoicing comes in the morning.",Psalm 30:5,"Night seasons are real. But morning always comes.

Drop a 🌅 if you've lived the other side of a long, weeping night.",uplifting
394,ab_choice,Psalms or Proverbs — which do you return to more?,"Your word is a lamp for my feet, a light on my path.",Psalm 119:105,"Psalms for the heart. Proverbs for the mind. Both are essential.

Which book do you find yourself returning to most? 📖",reflective
395,ab_choice,Finding purpose in your pain or just enduring it?,And we know that in all things God works for the good of those who love him.,Romans 8:28,"Not every hard thing reveals its purpose immediately. But it always has one.

Are you currently finding purpose in your pain or just enduring it? 👇",reflective
396,ab_choice,Fasting to seek God or feasting to celebrate Him?,"So whether you eat or drink or whatever you do, do it all for the glory of God.",1 Corinthians 10:31,"Both are acts of worship. The motive is what matters.

Are you in a fasting season or a feasting season right now? 👇",reflective
397,ab_choice,Choosing gratitude in hard seasons or waiting for easier ones to feel thankful?,Give thanks in all circumstances.,1 Thessalonians 5:18,"All circumstances. Not just the good ones.

Can you find gratitude in this season, or are you waiting for an easier one? 👇",uplifting
398,ab_choice,Being discipled or making disciples?,Therefore go and make disciples of all nations.,Matthew 28:19,"You can't pour out what you haven't received. But you also grow by giving away.

Are you in a receiving season or a pouring-out season? 👇",uplifting
399,ab_choice,Showing mercy or pursuing justice?,And what does the Lord require of you? To act justly and to love mercy.,Micah 6:8,"Mercy bends toward the broken. Justice stands for what's right. You need both.

Do you naturally lean toward mercy or justice? 👇",uplifting
400,ab_choice,Trusting God in the waiting or leaping in faith?,Those who wait upon the Lord shall renew their strength.,Isaiah 40:31,"Waiting is active. Leaping is risky. Both require trust.

Are you in a waiting season or a leaping season? 👇",calm
401,ab_choice,Seeking answers or resting in mystery?,The secret things belong to the Lord our God.,Deuteronomy 29:29,"Not everything is meant to be resolved. Some things are meant to be trusted.

Are you a seeker of answers or a rester in mystery? 👇",calm
402,simple_response,What's one thing you want to thank God for today that you haven't said yet?,Enter his gates with thanksgiving and his courts with praise.,Psalm 100:4,"Thanksgiving isn't just a feeling. It's an act of trust.

What do you want to thank God for right now that you haven't said out loud yet? 👇",uplifting
403,ab_choice,Being still before God or moving in faith?,"Be still, and know that I am God.",Psalm 46:10,"Sometimes He says wait. Sometimes He says go. Knowing which is the gift.

Are you in a season of stillness or movement right now? 👇",calm
404,ab_choice,Radical generosity or wise stewardship?,"Honor the Lord with your wealth, with the firstfruits of all your crops.",Proverbs 3:9,"Radical generosity and wise stewardship aren't opposites. But we usually lean one way.

Are you more naturally a generous giver or a wise steward? 👇",reflective
405,ab_choice,Fixing your eyes on the storm or fixing them on Jesus?,"But when he saw the wind, he was afraid and, beginning to sink, cried out, 'Lord, save me!'",Matthew 14:30,"Peter walked on water until he looked at the waves.

What storm are you looking at instead of Jesus right now? 👇",reflective
406,ab_choice,Interceding for your city or your nation?,"If my people, who are called by my name, will humble themselves and pray and seek my face.",2 Chronicles 7:14,"Both need prayer. But where does your burden land?

Do you pray more for your city or your nation? 👇",reflective
407,ab_choice,Fearing God or delighting in God — which feels more natural to you?,The fear of the Lord is the beginning of wisdom.,Proverbs 9:10,"Fear and delight aren't opposites in the Bible. They're two faces of awe.

Does the fear of God or the delight in God feel more alive in you right now? 👇",reflective
408,simple_response,What's a verse you wish someone had shown you years ago?,"For I know the plans I have for you, declares the Lord, plans to prosper you and not to harm you.",Jeremiah 29:11,"The verses we find late are often the ones we needed earliest.

What verse do you wish you'd found years ago? 👇",uplifting
409,simple_response,What's the most underrated book of the Bible in your opinion?,"All Scripture is God-breathed and is useful for teaching, rebuking, correcting and training in righteousness.",2 Timothy 3:16,"We all have our favorites — and the ones we skip.

What book of the Bible do you think is the most underrated? 👇",reflective
410,simple_response,Type 'enough' if you're done carrying what God never asked you to carry,"Come to me, all you who are weary and burdened, and I will give you rest.",Matthew 11:28,"He never asked you to carry that. He asked you to give it to Him.

Type 'enough' if you're ready to set it down. 🙏",calm
411,simple_response,Type amen if this is your prayer today 🙏,"Create in me a pure heart, O God, and renew a steadfast spirit within me.",Psalm 51:10,"A prayer for the honest moments. When you want to start over.

Type amen if this is your prayer today 👇",reflective
412,simple_response,Tag someone whose prayers you feel even from far away 🙏,The prayer of a righteous person is powerful and effective.,James 5:16,"Powerful. Effective. Even across distance.

Tag the person whose prayers you can feel 🙏",calm
413,simple_response,What's the verse God won't let you forget right now?,For the word of God is alive and active. Sharper than any double-edged sword.,Hebrews 4:12,"Alive. Active. It doesn't stay on the page — it follows you.

What verse keeps finding you lately? 👇",reflective
414,simple_response,What's a verse that has surprised you with how much you needed it?,"The Lord is near to all who call on him, to all who call on him in truth.",Psalm 145:18,"The verses that find you are often the ones you didn't know you needed.

What verse surprised you with how much it hit? 👇",uplifting
415,simple_response,Save this one for when you feel like giving up 💪,"Let us not become weary in doing good, for at the proper time we will reap a harvest.",Galatians 6:9,"Proper time. Not your time. His time. And it's coming.

Screenshot this for the day you want to quit. 👇",uplifting
416,simple_response,What's the most comforting verse in the whole Bible to you?,"Even though I walk through the darkest valley, I will fear no evil, for you are with me.",Psalm 23:4,"There's always one that wraps around you differently than the rest.

What's the most comforting verse in all of Scripture to you? 👇",calm
417,simple_response,Drop a 🙌 if you've seen God come through when you thought He wouldn't,And my God will supply every need of yours according to his riches in glory in Christ Jesus.,Philippians 4:19,"He always comes through. Not always how we planned. But always.

Drop a 🙌 if He's surprised you with His provision.",uplifting
418,simple_response,What worship song has been on repeat for you lately?,"Sing to the Lord a new song; sing to the Lord, all the earth.",Psalm 96:1,"Sometimes God speaks through the song you can't stop listening to.

What worship song has been following you around lately? 🎵",uplifting
419,simple_response,Tag someone who needs a reminder that they are loved by God 🤍,"See what great love the Father has lavished on us, that we should be called children of God.",1 John 3:1,"Child of God. That's their identity. In case they forgot.

Tag someone who needs that reminder today 🤍",calm
420,simple_response,What's a verse that got you through a hard season?,He gives strength to the weary and increases the power of the weak.,Isaiah 40:29,"Some verses don't just speak to you — they carry you.

What verse held you together during your hardest season? 👇",reflective
421,simple_response,Tag someone who needs this today 🙏,The Lord bless you and keep you; the Lord make his face shine on you.,Numbers 6:24-25,"Some verses are meant to be shared, not kept.

Tag the person who needs this right now 👇",calm
422,simple_response,Name one person whose faith inspires you 💛,And let us consider how we may spur one another on toward love and good deeds.,Hebrews 10:24,"Faith is contagious. Especially when you can see it in someone's life.

Who inspires your faith? Give them a shoutout 👇",uplifting
423,simple_response,What's a prayer God answered that you almost stopped praying?,Ask and it will be given to you; seek and you will find; knock and the door will be opened to you.,Matthew 7:7,"The almost-given-up prayers are often the sweetest ones to receive.

What prayer almost got crossed off your list before God answered it? 👇",uplifting
424,simple_response,Drop a 🙏 if you're trusting God with something hard right now,"And the peace of God, which transcends all understanding, will guard your hearts.",Philippians 4:7,"The peace that doesn't make sense. That's the one He gives.

Drop a 🙏 if you're in a trusting season right now.",calm
