id,question,choices,dominant_theme,scripture,scripture_ref,cta,visual_concept
1,What's the honest answer if we asked how you're doing?,🌤️ Renewal | ✝️ Faith | 😌 Rest | 😊 Joy,Faith,"Do not fear, for I am with you; do not be dismayed, for I am your God. I will strengthen you and help you.",Isaiah 41:10,What's the prayer you need lifted today?,golden light spilling across a wheat field
2,Choose what you need most today.,🌱 Restoration | 🤍 Peace | 🌅 Hope | 🛡️ Protection,Peace,"And the peace of God, which transcends all understanding, will guard your hearts and your minds in Christ Jesus.",Philippians 4:7,We're listening — what's on your heart this morning?,sunlight warming a quiet garden bench
3,What would today look like with peace in it?,🕊️ Grace | 🙏 Trust | 🌿 Healing | 🌤️ Renewal,Trust,Trust in the Lord with all your heart and lean not on your own understanding.,Proverbs 3:5,What's the honest prayer under the polished one?,morning glow on a quiet mountain switchback
4,What do you need permission to feel today?,🧭 Direction | ✝️ Faith | 😌 Rest | 💼 Work,Faith,"For God has not given us a spirit of fear, but of power, love and a sound mind.",2 Timothy 1:7,Tell us what's real for you this morning.,sunrise catching the tops of pine trees
5,What does your heart need today?,🧭 Guidance | ✝️ Faith | 🤝 Relationships | 💡 Financial wisdom,Faith,"There is a time for everything, and a season for every activity under the heavens.",Ecclesiastes 3:1,What's the quiet thing you need prayer for today?,soft golden light through curtains
6,What's the need underneath the need?,💡 Financial wisdom | 📖 Wisdom | 🛡️ Protection | ✝️ Faith,Faith,"And surely I am with you always, to the very end of the age.",Matthew 28:20,Let's start the day in prayer together.,morning light over a quiet river bend
7,What's your request before the day begins?,🧭 Guidance | 🌟 Confidence | 🕊️ Grace | ✝️ Faith,Faith,Cast all your anxiety on him because he cares for you.,1 Peter 5:7,Share what feels true for you this morning.,clouds parting into morning light
8,What are you walking into today?,🤗 Comfort | 🤍 Peace | ✝️ Faith | 🔍 Clarity,Faith,"You have searched me, Lord, and you know me.",Psalm 139:1,"Share what's on your heart this morning, if you'd like.",sunrise over a calm harbor
9,What do you need to feel ready for today?,⏳ Patience | 🕊️ Grace | 🦁 Courage | 🤝 Relationships,Grace,"My grace is sufficient for you, for my power is made perfect in weakness.",2 Corinthians 12:9,Write your prayer request below if you feel comfortable.,a fresh morning sky over green hills
10,What would it mean to be honest with God this morning?,🌿 Healing | 🌟 Confidence | 🕊️ Forgiveness | 💪 Strength,Healing,He heals the brokenhearted and binds up their wounds.,Psalm 147:3,What's one thing you'd want prayer for today?,morning light on a quiet garden gate
11,What's today asking of you?,🤍 Peace | 🛡️ Protection | 🌾 Provision | ✝️ Faith,Faith,Where can I go from your Spirit? Where can I flee from your presence?,Psalm 139:7,We're here — what do you need to say this morning?,a window seat bathed in morning light
12,What's the smallest thing you need help with today?,🔥 Perseverance | 👨‍👩‍👧 Family | 🦁 Courage | 😊 Joy,Courage,"If God is for us, who can be against us?",Romans 8:31,What do you need? We're listening and praying.,morning sun breaking over sand dunes
13,What's today's biggest need?,🕊️ Forgiveness | 🌿 Healing | 🌅 Hope | 💡 Financial wisdom,Hope,"For I know the plans I have for you, declares the Lord, plans to prosper you and not to harm you, plans to give you hope and a future.",Jeremiah 29:11,What would you want prayed over your day today?,sunrise over terraced farmland
14,What's the thing you keep praying about?,👨‍👩‍👧 Family | 🌿 Healing | 🦁 Courage | 💼 Work,Courage,Be strong and courageous. Do not be afraid.,Joshua 1:9,"Let's pray this morning, together.",golden hour on a quiet hillside trail
15,What would help you most today?,🔥 Perseverance | 🌿 Healing | 💡 Financial wisdom | ✝️ Faith,Faith,"My thoughts are not your thoughts, neither are your ways my ways.",Isaiah 55:8,We're in this together. What's your need today?,sunrise over rolling hills
16,What do you need more of today?,💡 Financial wisdom | 🔍 Clarity | 💼 Work | 😌 Rest,Rest,He restores my soul.,Psalm 23:3,What's your today? We're here with you.,dew on grass in early morning sun
17,What are you hoping for today?,🧭 Guidance | 🤍 Peace | ✝️ Faith | 🦁 Courage,Faith,Commit your way to the Lord; trust in him and he will act.,Psalm 37:5,Which of these are you asking God for today?,a city skyline lit by dawn
18,What's your honest need this morning?,🌟 Confidence | 🤍 Peace | 💛 Encouragement | 🧭 Direction,Peace,"Be still, and know that I am God.",Psalm 46:10,"Let's carry today's needs together, as a community.",sunrise over a peaceful beach
19,What do you need before you even leave the house?,💼 Work | ⏳ Patience | 🌅 Hope | ✝️ Faith,Faith,"Neither height nor depth, nor anything else in all creation, will be able to separate us from the love of God.",Romans 8:39,Let's be honest together this morning — what's real for you?,a warm kitchen lit by early light
20,What do you need before this day starts?,🌟 Confidence | ✝️ Faith | 💼 Work | 🤍 Peace,Faith,"For we live by faith, not by sight.",2 Corinthians 5:7,Leave one word below if you feel comfortable.,a figure walking toward the sunlight
21,What's the first thing on your heart today?,💛 Encouragement | ✝️ Faith | 🔍 Clarity | 💼 Work,Faith,The Spirit himself intercedes for us through wordless groans.,Romans 8:26,What are you carrying today that you'd want prayer for?,morning glow over a sleepy fishing village
22,What's the one thing you need today?,🌤️ Renewal | 🤝 Relationships | 🙏 Trust | 🦁 Courage,Trust,Jesus Christ is the same yesterday and today and forever.,Hebrews 13:8,What's on your heart? Share it below if you'd like.,birds against a sunrise sky
23,What do you need God to do today?,✝️ Faith | 🕊️ Grace | 🌱 Restoration | 💡 Financial wisdom,Faith,"What he opens no one can shut, and what he shuts no one can open.",Revelation 3:7,Let's hold today together — what do you need?,sunrise silhouetting a distant windmill
24,"What's the thing today can't fix, but prayer might help with?",😊 Joy | ✝️ Faith | 🤝 Relationships | 🌟 Confidence,Faith,"Therefore, if anyone is in Christ, the new creation has come: The old has gone, the new is here!",2 Corinthians 5:17,This is a space to be honest — what do you need?,a bright horizon over calm water
25,What are you hoping to hear from God today?,🧭 Direction | ✝️ Faith | 🤝 Relationships | 🔥 Perseverance,Faith,"But when you pray, go into your room, close the door and pray to your Father.",Matthew 6:6,What's the honest need today? Share it here if you feel comfortable.,morning glow over an open wooden gate
26,What do you need clarity on today?,😊 Joy | 🕊️ Forgiveness | ✝️ Faith | 🧭 Direction,Faith,I praise you because I am fearfully and wonderfully made.,Psalm 139:14,We'll pray with you — what's the request?,an open Bible in warm morning light
27,What would change your day if God met you there?,🕊️ Forgiveness | 🌿 Healing | 🤍 Peace | 🤗 Comfort,Forgiveness,Forgive as the Lord forgave you.,Colossians 3:13,What do you need from this community today?,sunbeams through a forest canopy
28,What's the first need on your list today?,👨‍👩‍👧 Family | ✝️ Faith | 💪 Strength | 🔥 Perseverance,Faith,"Truly I tell you, if you have faith as small as a mustard seed, nothing will be impossible for you.",Matthew 17:20,We see you. What do you need today?,morning light on a winding countryside road
29,What's on your mind this morning?,🔥 Perseverance | 🌱 Restoration | 📖 Wisdom | ⏳ Patience,Perseverance,"We also glory in our sufferings, because we know that suffering produces perseverance.",Romans 5:3,What would honest prayer sound like for you today?,sunrise breaking through low valley fog
30,What do you need strength for today?,✝️ Faith | 🔥 Perseverance | 😊 Joy | 🧭 Direction,Faith,"Delight yourself in the Lord, and he will give you the desires of your heart.",Psalm 37:4,What would you want someone to pray with you about today?,walking toward a rising sun
31,What do you need to walk into today with?,👨‍👩‍👧 Family | 🕊️ Grace | 🦁 Courage | 💪 Strength,Grace,"For it is by grace you have been saved, through faith.",Ephesians 2:8,"Let's lift each other up — share your need, if you'd like.",open hands catching morning light
32,What's your one request for today?,🌿 Healing | 👨‍👩‍👧 Family | 💛 Encouragement | 🕊️ Grace,Healing,"May your whole spirit, soul and body be kept blameless.",1 Thessalonians 5:23,We'd love to pray with you — leave your request below.,golden light over an awakening prairie
33,What would ease your mind today?,🧭 Direction | 😊 Joy | 😌 Rest | ✝️ Faith,Faith,Forget the former things; do not dwell on the past.,Isaiah 43:18,Let's pray for one another today. 🤍,morning light spilling into an open doorway
34,Which one are you asking God for today?,🤝 Relationships | 🔥 Perseverance | 🕊️ Forgiveness | 🤗 Comfort,Comfort,He tends his flock like a shepherd: He gathers the lambs in his arms and carries them close to his heart.,Isaiah 40:11,This community is praying — what's yours today?,sunrise behind a lighthouse
35,What do you need to start today right?,🔍 Clarity | 🌤️ Renewal | 🌅 Hope | 🧭 Direction,Clarity,"Then you will know the truth, and the truth will set you free.",John 8:32,What is on your heart today?,a bright morning sky over water
36,What does today require of your heart?,🤗 Comfort | 🌅 Hope | ✝️ Faith | 😊 Joy,Faith,The steadfast love of the Lord never ceases; his mercies never come to an end.,Lamentations 3:22,What's your one request this morning?,clouds glowing pink and gold at dawn
37,What would today feel like with God's help?,🙏 Trust | 💼 Work | 💛 Encouragement | 🦁 Courage,Trust,Know therefore that the Lord your God is God; he is the faithful God.,Deuteronomy 7:9,What do you need prayer for today? 🙏,sunrise catching mist above a valley floor
38,What do you need to carry you through today?,🕊️ Forgiveness | 💡 Financial wisdom | 🧭 Direction | 🦁 Courage,Courage,"Be strong and courageous, for the Lord your God goes with you.",Deuteronomy 31:6,Tell us — we'd love to stand with you today.,morning light catching hanging wind chimes
39,What do you need courage for today?,😌 Rest | 🕊️ Forgiveness | 😊 Joy | ✝️ Faith,Forgiveness,There is now no condemnation for those who are in Christ Jesus.,Romans 8:1,What would it help to say out loud today?,a fresh sunrise over a small town
40,What are you hoping to feel more of today?,🤍 Peace | 🧭 Direction | 💡 Financial wisdom | ✝️ Faith,Faith,The Lord is close to the brokenhearted and saves those who are crushed in spirit.,Psalm 34:18,What's the thing you'd ask for if you knew we were listening?,a bright new day over distant farmland
41,What's the one prayer you keep coming back to?,😊 Joy | 👨‍👩‍👧 Family | 🌤️ Renewal | 🤝 Relationships,Family,"As for me and my household, we will serve the Lord.",Joshua 24:15,What's the thing you need lifted in prayer today?,a golden field at first light
42,What do you need before you face today?,🤝 Relationships | 🕊️ Grace | 📖 Wisdom | 😊 Joy,Grace,"But God demonstrates his own love for us in this: While we were still sinners, Christ died for us.",Romans 5:8,Tell us — we're standing with you today.,sunlight catching morning frost
43,What are you believing God for today?,💡 Financial wisdom | 🔥 Perseverance | ✝️ Faith | 🤝 Relationships,Perseverance,Let us run with perseverance the race marked out for us.,Hebrews 12:1,Share your today — we're here for it.,golden hour light on a mountain trail
44,What are you trusting God with today?,💛 Encouragement | 🌅 Hope | ✝️ Faith | 🌤️ Renewal,Faith,"Blessed are those who hunger and thirst for righteousness, for they will be filled.",Matthew 5:6,Tell us your today. We'll hold it with you.,morning light through olive trees
45,What's your prayer for today?,✝️ Faith | 🦁 Courage | 😌 Rest | 💛 Encouragement,Faith,You are the light of the world.,Matthew 5:14,Let's be specific in prayer today — what do you need?,morning light catching a field of tall grass
46,What do you need to feel less alone today?,✝️ Faith | 😌 Rest | 🤝 Relationships | 🧭 Direction,Faith,Rejoice that your names are written in heaven.,Luke 10:20,Let's start today together — what do you need?,morning light on dew-covered spiderwebs
47,What are you hoping God does today?,🤝 Relationships | 🕊️ Forgiveness | 💡 Financial wisdom | 😌 Rest,Forgiveness,"As far as the east is from the west, so far has he removed our transgressions from us.",Psalm 103:12,What are you hoping God meets today?,first light touching a mountain peak
48,What's today's quiet prayer?,🕊️ Forgiveness | ✝️ Faith | 👨‍👩‍👧 Family | 😌 Rest,Faith,"Give thanks to the Lord, for he is good; his love endures forever.",Psalm 107:1,Let's pray specifically — what's the actual need?,sunrise over quiet orchard rows
49,What are you hoping changes today?,✝️ Faith | 🕊️ Grace | 🤍 Peace | 🤗 Comfort,Faith,And God raised us up with Christ and seated us with him in the heavenly realms.,Ephesians 2:6,We're praying as a community — what's your need?,sunlight breaking across a quiet meadow trail
50,What are you asking for this morning?,😊 Joy | 💡 Financial wisdom | 💛 Encouragement | 🔍 Clarity,Clarity,We have the mind of Christ.,1 Corinthians 2:16,What would you ask God for this morning?,sunrise casting long shadows across a field
51,What would help you most right now?,🤗 Comfort | 🌤️ Renewal | ✝️ Faith | 💪 Strength,Strength,"For when I am weak, then I am strong.",2 Corinthians 12:10,What's the prayer you need lifted today?,a fresh glow over quiet countryside fences
52,What would help your heart today?,✝️ Faith | 🌿 Healing | 🕊️ Forgiveness | 🌾 Provision,Faith,Ask and it will be given to you; seek and you will find.,Matthew 7:7,We're listening — what's on your heart this morning?,morning light on a peaceful hillside village
53,What do you wish someone would pray for you about today?,💪 Strength | ✝️ Faith | 🌤️ Renewal | 🔍 Clarity,Faith,"You did not choose me, but I chose you.",John 15:16,What's the honest prayer under the polished one?,morning light spilling across an empty meadow
54,What do you need to hear today?,🕊️ Forgiveness | 🤝 Relationships | 💡 Financial wisdom | ✝️ Faith,Faith,Pray continually.,1 Thessalonians 5:17,Tell us what's real for you this morning.,sunrise reflected in a still river
55,What's the first prayer of your day?,🔍 Clarity | ✝️ Faith | 👨‍👩‍👧 Family | 🔥 Perseverance,Faith,You are the God who sees me.,Genesis 16:13,What's the quiet thing you need prayer for today?,misty hills lit by early sun
56,What do you need before the day gets busy?,🤍 Peace | ✝️ Faith | 🌿 Healing | 🕊️ Grace,Faith,Our light and momentary troubles are achieving for us an eternal glory that far outweighs them all.,2 Corinthians 4:17,Let's start the day in prayer together.,a garden coming alive at sunrise
57,What's weighing on you this morning?,🤍 Peace | 🤗 Comfort | 🌤️ Renewal | ✝️ Faith,Faith,You are the salt of the earth.,Matthew 5:13,Share what feels true for you this morning.,golden fields under a rising sun
58,What's the need you haven't said out loud?,🌾 Provision | 🔍 Clarity | 🤍 Peace | ✝️ Faith,Faith,"See what great love the Father has lavished on us, that we should be called children of God.",1 John 3:1,"Share what's on your heart this morning, if you'd like.",a fresh sunrise over layered mountain ridges
59,What's the thing only God can give you today?,✝️ Faith | 💛 Encouragement | 🧭 Guidance | 💡 Financial wisdom,Faith,Surely your goodness and love will follow me all the days of my life.,Psalm 23:6,Write your prayer request below if you feel comfortable.,sunlight warming an old stone wall
60,What are you carrying into today?,😊 Joy | 😌 Rest | ✝️ Faith | 🤝 Relationships,Faith,But whatever were gains to me I now consider loss for the sake of Christ.,Philippians 3:7,What's one thing you'd want prayer for today?,a bright horizon beyond distant hills
61,How can we pray with you today?,🌾 Provision | ✝️ Faith | 💪 Strength | 💼 Work,Faith,Don't you know that you yourselves are God's temple and that God's Spirit dwells in your midst?,1 Corinthians 3:16,We're here — what do you need to say this morning?,sunrise over a quiet vineyard
62,What's today's honest ask?,🔍 Clarity | 💼 Work | 🧭 Guidance | ✝️ Faith,Faith,We are therefore Christ's ambassadors.,2 Corinthians 5:20,What do you need? We're listening and praying.,morning light on a quiet dock
63,What's the honest state of your heart this morning?,🌅 Hope | ✝️ Faith | ⏳ Patience | 💛 Encouragement,Faith,Be filled with the Spirit.,Ephesians 5:18,What would you want prayed over your day today?,sunrise over distant rooftops
64,What would help you breathe easier today?,🌤️ Renewal | 🌿 Healing | 🛡️ Protection | ✝️ Faith,Faith,"Fixing our eyes on Jesus, the pioneer and perfecter of faith.",Hebrews 12:2,"Let's pray this morning, together.",sunrise warming a row of sunflowers
65,What's today's biggest unknown?,🔍 Clarity | 🦁 Courage | 🙏 Trust | 🕊️ Forgiveness,Clarity,"Set your minds on things above, not on earthly things.",Colossians 3:2,We're in this together. What's your need today?,golden light on a mountain ridge
66,What do you need to let go of today?,🕊️ Forgiveness | 🌾 Provision | ✝️ Faith | 🛡️ Protection,Faith,Your life is now hidden with Christ in God.,Colossians 3:3,What's your today? We're here with you.,golden light catching morning cobwebs
67,What do you need to feel steady today?,✝️ Faith | 📖 Wisdom | 💛 Encouragement | 🤗 Comfort,Faith,"The Lord your God is with you, the Mighty Warrior who saves.",Zephaniah 3:17,Which of these are you asking God for today?,sunlight streaming through a window
68,What's been on your heart all week that you haven't said?,😊 Joy | 🌿 Healing | ✝️ Faith | 😌 Rest,Faith,"Walk by the Spirit, and you will not gratify the desires of the flesh.",Galatians 5:16,"Let's carry today's needs together, as a community.",sunrise over a peaceful coastal town
69,What do you need from God today?,🛡️ Protection | 🌱 Restoration | 😌 Rest | ✝️ Faith,Protection,"Our struggle is not against flesh and blood, but against the rulers, against the authorities.",Ephesians 6:12,Let's be honest together this morning — what's real for you?,morning light falling on a quiet street
70,What's the thing you're avoiding praying about?,🦁 Courage | 💛 Encouragement | 📖 Wisdom | ✝️ Faith,Faith,"In their hearts humans plan their course, but the Lord establishes their steps.",Proverbs 16:9,Leave one word below if you feel comfortable.,sunlight filtering through tall grass
71,What's the quiet worry you're carrying this morning?,🛡️ Protection | 🌱 Restoration | ✝️ Faith | 🦁 Courage,Protection,Whoever dwells in the shelter of the Most High will rest in the shadow of the Almighty.,Psalm 91:1,What are you carrying today that you'd want prayer for?,golden light spilling over quiet terraces
72,What would relief look like for you today?,😌 Rest | 🛡️ Protection | 🌤️ Renewal | 🙏 Trust,Protection,"He will cover you with his feathers, and under his wings you will find refuge.",Psalm 91:4,What's on your heart? Share it below if you'd like.,sunrise breaking through scattered morning clouds
73,What are you facing today that needs prayer?,🌿 Healing | 🔥 Perseverance | 🦁 Courage | 🌾 Provision,Healing,By his wounds you have been healed.,1 Peter 2:24,Let's hold today together — what do you need?,a fresh glow over quiet hillside terraces
74,What are you praying for today?,📖 Wisdom | 🌿 Healing | 🌱 Restoration | 🧭 Direction,Healing,Is anyone among you sick? Let them call the elders of the church to pray over them.,James 5:14,This is a space to be honest — what do you need?,morning light warming a row of young trees
75,What's the honest answer if we asked how you're doing?,🕊️ Grace | 🛡️ Protection | ✝️ Faith | 🌿 Healing,Faith,"Though outwardly we are wasting away, yet inwardly we are being renewed day by day.",2 Corinthians 4:16,What's the honest need today? Share it here if you feel comfortable.,a quiet porch at first light
76,Choose what you need most today.,💪 Strength | 🌤️ Renewal | 🤗 Comfort | 💼 Work,Strength,"He gives power to the faint, and to him who has no might he increases strength.",Isaiah 40:29,We'll pray with you — what's the request?,a quiet trail lit by early sun
77,What would today look like with peace in it?,🤍 Peace | 🦁 Courage | 💪 Strength | ⏳ Patience,Strength,The Lord is my strength and my song; he has become my salvation.,Exodus 15:2,What do you need from this community today?,sun rising behind silhouetted trees
78,What do you need permission to feel today?,💡 Financial wisdom | ✝️ Faith | 🌤️ Renewal | 💪 Strength,Strength,"The Lord is my strength and my shield; my heart trusts in him, and he helps me.",Psalm 28:7,We see you. What do you need today?,"a calm, empty road at dawn"
79,What does your heart need today?,🤝 Relationships | 💪 Strength | 😌 Rest | 📖 Wisdom,Strength,"Let the weak say, 'I am strong.'",Joel 3:10,What would honest prayer sound like for you today?,a path leading into golden light
80,What's the need underneath the need?,🧭 Direction | 💛 Encouragement | 🤝 Relationships | 💼 Work,Relationships,"A friend loves at all times, and a brother is born for a time of adversity.",Proverbs 17:17,What would you want someone to pray with you about today?,morning mist rising off a lake
81,What's your request before the day begins?,🙏 Trust | 🌟 Confidence | 💼 Work | 🤝 Relationships,Relationships,"Two are better than one, because they have a good return for their labor.",Ecclesiastes 4:9,"Let's lift each other up — share your need, if you'd like.",sunrise behind rolling green pastures
82,What are you walking into today?,⏳ Patience | 🤝 Relationships | 🔍 Clarity | 🛡️ Protection,Relationships,"Carry each other's burdens, and in this way you will fulfill the law of Christ.",Galatians 6:2,We'd love to pray with you — leave your request below.,a fresh dawn breaking over coastal cliffs
83,What do you need to feel ready for today?,🤍 Peace | 💛 Encouragement | 🕊️ Forgiveness | 🌱 Restoration,Peace,The Lord gives strength to his people; the Lord blesses his people with peace.,Psalm 29:11,Let's pray for one another today. 🤍,sunrise breaking over open fields
84,What would it mean to be honest with God this morning?,🕊️ Forgiveness | 🌤️ Renewal | 🤍 Peace | 🌾 Provision,Peace,"Great peace have those who love your law, and nothing can make them stumble.",Psalm 119:165,This community is praying — what's yours today?,sunrise catching the edge of a canyon
85,What's today asking of you?,🔍 Clarity | 🤍 Peace | 🌤️ Renewal | 🧭 Guidance,Peace,Peace I leave with you; my peace I give you.,John 14:27,What is on your heart today?,sunrise over quiet mountains
86,What's the smallest thing you need help with today?,😌 Rest | 🙏 Trust | 🌟 Confidence | 🧭 Direction,Rest,"In peace I will lie down and sleep, for you alone, Lord, make me dwell in safety.",Psalm 4:8,What's your one request this morning?,golden hour light across an open horizon
87,What's today's biggest need?,🕊️ Grace | 😌 Rest | 🌱 Restoration | 📖 Wisdom,Rest,"There remains, then, a Sabbath-rest for the people of God.",Hebrews 4:9,What do you need prayer for today? 🙏,sunlight breaking over a quiet valley town
88,What's the thing you keep praying about?,⏳ Patience | 🛡️ Protection | 🕊️ Forgiveness | 💼 Work,Protection,He will not let your foot slip — he who watches over you will not slumber.,Psalm 121:3,Tell us — we'd love to stand with you today.,a calm lake reflecting sunrise
89,What would help you most today?,😊 Joy | 😌 Rest | 🙏 Trust | 📖 Wisdom,Rest,My soul finds rest in God alone; my salvation comes from him.,Psalm 62:1,What would it help to say out loud today?,sun rays breaking through clouds
90,What do you need more of today?,🔍 Clarity | 🧭 Direction | ⏳ Patience | ✝️ Faith,Faith,The steps of the godly are directed by the Lord.,Psalm 37:23,What's the thing you'd ask for if you knew we were listening?,sunlight on an open journal and pen
91,What are you hoping for today?,🧭 Guidance | 🌾 Provision | 😊 Joy | 💼 Work,Guidance,I will instruct you and teach you in the way you should go.,Psalm 32:8,What's the thing you need lifted in prayer today?,sunlight breaking through storm clouds
92,What's your honest need this morning?,💪 Strength | 🧭 Guidance | 🕊️ Grace | 🔥 Perseverance,Guidance,This is what the Lord says: 'This is the way; walk in it.',Isaiah 30:21,Tell us — we're standing with you today.,golden light through an open barn door
93,What do you need before you even leave the house?,💼 Work | 🌤️ Renewal | 💛 Encouragement | 🧭 Guidance,Guidance,He guides the humble in what is right and teaches them his way.,Psalm 25:9,Share your today — we're here for it.,a bright dawn over open savanna
94,What do you need before this day starts?,🌱 Restoration | 📖 Wisdom | 🌿 Healing | 🧭 Guidance,Wisdom,For the Lord gives wisdom; from his mouth come knowledge and understanding.,Proverbs 2:6,Tell us your today. We'll hold it with you.,nature waking up with morning dew
95,What's the first thing on your heart today?,🙏 Trust | 🔥 Perseverance | 🌅 Hope | 📖 Wisdom,Wisdom,The fear of the Lord is the beginning of wisdom.,Proverbs 9:10,Let's be specific in prayer today — what do you need?,a bright horizon beyond a wooden pier
96,What's the one thing you need today?,⏳ Patience | 🔥 Perseverance | 🌿 Healing | 🧭 Direction,Patience,"Be patient, then, brothers and sisters, until the Lord's coming.",James 5:7,Let's start today together — what do you need?,sunlight breaking over calm tidal flats
97,What do you need God to do today?,⏳ Patience | 😊 Joy | 🤍 Peace | 🌅 Hope,Patience,"Love is patient, love is kind.",1 Corinthians 13:4,What are you hoping God meets today?,a bright new day over open plains
98,"What's the thing today can't fix, but prayer might help with?",💡 Financial wisdom | 🌿 Healing | 💼 Work | 🛡️ Protection,Work,Let the favor of the Lord our God rest on us; establish the work of our hands.,Psalm 90:17,Let's pray specifically — what's the actual need?,a fresh sunrise reflected in morning puddles
99,What are you hoping to hear from God today?,🕊️ Forgiveness | 📖 Wisdom | 🤍 Peace | 🔍 Clarity,Clarity,The unfolding of your words gives light; it gives understanding to the simple.,Psalm 119:130,We're praying as a community — what's your need?,first light on a quiet mountain lake
100,What do you need clarity on today?,🌿 Healing | 🔍 Clarity | 💛 Encouragement | 🧭 Guidance,Guidance,"Your word is a lamp for my feet, a light on my path.",Psalm 119:105,What would you ask God for this morning?,a bright dawn beyond distant church spires
101,What would change your day if God met you there?,🔥 Perseverance | 😊 Joy | 🕊️ Forgiveness | 👨‍👩‍👧 Family,Joy,"Consider it pure joy, my brothers and sisters, whenever you face trials of many kinds.",James 1:2,What's the prayer you need lifted today?,a bright sunrise over rice terraces
102,What's the first need on your list today?,😌 Rest | 🔍 Clarity | 🔥 Perseverance | ⏳ Patience,Perseverance,"For though the righteous fall seven times, they rise again.",Proverbs 24:16,We're listening — what's on your heart this morning?,golden light through a barn window
103,What's on your mind this morning?,🌿 Healing | 😌 Rest | 🙏 Trust | 💛 Encouragement,Trust,"Some trust in chariots and some in horses, but we trust in the name of the Lord our God.",Psalm 20:7,What's the honest prayer under the polished one?,a warm glow over sleepy farmland
104,What do you need strength for today?,🕊️ Forgiveness | 💛 Encouragement | 🔥 Perseverance | 🌾 Provision,Encouragement,Therefore encourage one another and build each other up.,1 Thessalonians 5:11,Tell us what's real for you this morning.,morning light glinting off a tin rooftop
105,What do you need to walk into today with?,👨‍👩‍👧 Family | 📖 Wisdom | 💡 Financial wisdom | 🌱 Restoration,Family,Train up a child in the way he should go; even when he is old he will not depart from it.,Proverbs 22:6,What's the quiet thing you need prayer for today?,a fresh sunrise behind a wooden fence
106,What's your one request for today?,🌟 Confidence | 💡 Financial wisdom | 👨‍👩‍👧 Family | 💪 Strength,Family,"Sons are a heritage from the Lord, children a reward from him.",Psalm 127:3,Let's start the day in prayer together.,a hopeful sunrise through tree branches
107,What would ease your mind today?,✝️ Faith | ⏳ Patience | 🌅 Hope | 💪 Strength,Faith,I do believe; help me overcome my unbelief!,Mark 9:24,Share what feels true for you this morning.,a bright new morning over calm wetlands
108,Which one are you asking God for today?,💡 Financial wisdom | 🦁 Courage | 🤍 Peace | ✝️ Faith,Faith,The righteous will live by faith.,Romans 1:17,"Share what's on your heart this morning, if you'd like.",a fresh dawn behind a weathered barn
109,What do you need to start today right?,✝️ Faith | 😌 Rest | 🛡️ Protection | 🔥 Perseverance,Faith,Without faith it is impossible to please God.,Hebrews 11:6,Write your prayer request below if you feel comfortable.,morning sky with soft golden light
110,What does today require of your heart?,🌾 Provision | ✝️ Faith | 🌅 Hope | 🔍 Clarity,Hope,May the God of hope fill you with all joy and peace as you trust in him.,Romans 15:13,What's one thing you'd want prayer for today?,a peaceful farm at first light
111,What would today feel like with God's help?,🧭 Guidance | 😌 Rest | 🌤️ Renewal | 🙏 Trust,Trust,"Trust in the Lord forever, for the Lord, the Lord himself, is the Rock eternal.",Isaiah 26:4,We're here — what do you need to say this morning?,sun breaking over the horizon at sea
112,What do you need to carry you through today?,🙏 Trust | 🤗 Comfort | 🤝 Relationships | 🛡️ Protection,Trust,"Blessed is the one who trusts in the Lord, whose confidence is in him.",Jeremiah 17:7,What do you need? We're listening and praying.,sunrise behind gentle rolling dunes
113,What do you need courage for today?,💛 Encouragement | 🙏 Trust | 🧭 Direction | 🔍 Clarity,Trust,"Those who trust in the Lord are like Mount Zion, which cannot be shaken.",Psalm 125:1,What would you want prayed over your day today?,golden hour over a still countryside pond
114,What are you hoping to feel more of today?,✝️ Faith | 🤝 Relationships | 📖 Wisdom | 🌅 Hope,Faith,"Weeping may stay for the night, but rejoicing comes in the morning.",Psalm 30:5,"Let's pray this morning, together.",morning light on a quiet stone path
115,What's the one prayer you keep coming back to?,🕊️ Grace | 😊 Joy | 🤝 Relationships | 🕊️ Forgiveness,Joy,Yet I will rejoice in the Lord.,Habakkuk 3:18,We're in this together. What's your need today?,sunlight breaking through morning haze
116,What do you need before you face today?,🔥 Perseverance | 🧭 Direction | 😊 Joy | 🦁 Courage,Perseverance,"Well done, good and faithful servant!",Matthew 25:21,What's your today? We're here with you.,morning fog lifting over a valley
117,What are you believing God for today?,🧭 Direction | ✝️ Faith | 💼 Work | 🌟 Confidence,Faith,"I wait for the Lord, my whole being waits, and in his word I put my hope.",Psalm 130:5,Which of these are you asking God for today?,golden light spilling across a wheat field
118,What are you trusting God with today?,✝️ Faith | 🤗 Comfort | 📖 Wisdom | 🛡️ Protection,Faith,"Do not boast about tomorrow, for you do not know what a day may bring.",Proverbs 27:1,"Let's carry today's needs together, as a community.",sunlight warming a quiet garden bench
119,What's your prayer for today?,🌅 Hope | 🤝 Relationships | ✝️ Faith | 🔥 Perseverance,Faith,"Bless the Lord, O my soul, and forget not all his benefits.",Psalm 103:2,Let's be honest together this morning — what's real for you?,morning glow on a quiet mountain switchback
120,What do you need to feel less alone today?,🌿 Healing | 🔥 Perseverance | 🤝 Relationships | ✝️ Faith,Faith,Taste and see that the Lord is good; blessed is the one who takes refuge in him.,Psalm 34:8,Leave one word below if you feel comfortable.,sunrise catching the tops of pine trees
121,What are you hoping God does today?,🌱 Restoration | 🕊️ Grace | 😊 Joy | 🌅 Hope,Hope,In this world you will have trouble. But take heart! I have overcome the world.,John 16:33,What are you carrying today that you'd want prayer for?,soft golden light through curtains
122,What's today's quiet prayer?,🛡️ Protection | 📖 Wisdom | 💼 Work | ✝️ Faith,Faith,"Do not fear, for I am with you; do not be dismayed, for I am your God. I will strengthen you and help you.",Isaiah 41:10,What's on your heart? Share it below if you'd like.,morning light over a quiet river bend
123,What are you hoping changes today?,🤗 Comfort | 🌅 Hope | 😌 Rest | 🌿 Healing,Rest,"In vain you rise early and stay up late, toiling for food to eat — for he grants sleep to those he loves.",Psalm 127:2,Let's hold today together — what do you need?,clouds parting into morning light
124,What are you asking for this morning?,🕊️ Forgiveness | ✝️ Faith | 💪 Strength | 🤍 Peace,Faith,"For God has not given us a spirit of fear, but of power, love and a sound mind.",2 Timothy 1:7,This is a space to be honest — what do you need?,sunrise over a calm harbor
125,What would help you most right now?,🤝 Relationships | ✝️ Faith | 🌿 Healing | 💛 Encouragement,Faith,"There is a time for everything, and a season for every activity under the heavens.",Ecclesiastes 3:1,What's the honest need today? Share it here if you feel comfortable.,a fresh morning sky over green hills
126,What would help your heart today?,🌱 Restoration | 🌅 Hope | 🧭 Direction | 🌿 Healing,Hope,But those who hope in the Lord will renew their strength.,Isaiah 40:31,We'll pray with you — what's the request?,morning light on a quiet garden gate
127,What do you wish someone would pray for you about today?,😊 Joy | 🌅 Hope | 💼 Work | 🕊️ Forgiveness,Joy,The joy of the Lord is your strength.,Nehemiah 8:10,What do you need from this community today?,a window seat bathed in morning light
128,What do you need to hear today?,🤝 Relationships | 💡 Financial wisdom | ⏳ Patience | ✝️ Faith,Faith,Where can I go from your Spirit? Where can I flee from your presence?,Psalm 139:7,We see you. What do you need today?,morning sun breaking over sand dunes
129,What's the first prayer of your day?,⏳ Patience | 😊 Joy | 🦁 Courage | 📖 Wisdom,Courage,"If God is for us, who can be against us?",Romans 8:31,What would honest prayer sound like for you today?,sunrise over terraced farmland
130,What do you need before the day gets busy?,🌅 Hope | 🧭 Direction | ✝️ Faith | 🛡️ Protection,Faith,Draw near to God and he will draw near to you.,James 4:8,What would you want someone to pray with you about today?,golden hour on a quiet hillside trail
131,What's weighing on you this morning?,⏳ Patience | 🌱 Restoration | 🦁 Courage | 🤍 Peace,Courage,Be strong and courageous. Do not be afraid.,Joshua 1:9,"Let's lift each other up — share your need, if you'd like.",sunrise over rolling hills
132,What's the need you haven't said out loud?,💡 Financial wisdom | 😌 Rest | ✝️ Faith | 🛡️ Protection,Protection,The Lord will keep you from all harm — he will watch over your life.,Psalm 121:7,We'd love to pray with you — leave your request below.,dew on grass in early morning sun
133,What's the thing only God can give you today?,😌 Rest | 🕊️ Forgiveness | 🌟 Confidence | ✝️ Faith,Faith,Keep your lives free from the love of money and be content with what you have.,Hebrews 13:5,Let's pray for one another today. 🤍,a city skyline lit by dawn
134,What are you carrying into today?,💪 Strength | 😊 Joy | 🌅 Hope | 🤍 Peace,Peace,"Be still, and know that I am God.",Psalm 46:10,This community is praying — what's yours today?,sunrise over a peaceful beach
135,How can we pray with you today?,✝️ Faith | 🧭 Guidance | 😊 Joy | 🤗 Comfort,Faith,"Neither height nor depth, nor anything else in all creation, will be able to separate us from the love of God.",Romans 8:39,What is on your heart today?,a warm kitchen lit by early light
136,What's today's honest ask?,🛡️ Protection | 🦁 Courage | 🙏 Trust | 🕊️ Grace,Trust,Jesus Christ is the same yesterday and today and forever.,Hebrews 13:8,What's your one request this morning?,a figure walking toward the sunlight
137,What's the honest state of your heart this morning?,💪 Strength | 🤝 Relationships | 🛡️ Protection | 🕊️ Forgiveness,Protection,The Lord will fight for you; you need only to be still.,Exodus 14:14,What do you need prayer for today? 🙏,morning glow over a sleepy fishing village
138,What would help you breathe easier today?,🤝 Relationships | 🌾 Provision | 📖 Wisdom | ✝️ Faith,Faith,After the fire came a gentle whisper.,1 Kings 19:12,Tell us — we'd love to stand with you today.,birds against a sunrise sky
139,What's today's biggest unknown?,✝️ Faith | 🌱 Restoration | 💪 Strength | 💛 Encouragement,Faith,"But when you pray, go into your room, close the door and pray to your Father.",Matthew 6:6,What would it help to say out loud today?,sunrise silhouetting a distant windmill
140,What do you need to let go of today?,✝️ Faith | 🌿 Healing | 🌟 Confidence | 🔥 Perseverance,Faith,"Even though I walk through the darkest valley, I will fear no evil, for you are with me.",Psalm 23:4,What's the thing you'd ask for if you knew we were listening?,a bright horizon over calm water
141,What do you need to feel steady today?,✝️ Faith | ⏳ Patience | 🔍 Clarity | 😊 Joy,Faith,I praise you because I am fearfully and wonderfully made.,Psalm 139:14,What's the thing you need lifted in prayer today?,morning glow over an open wooden gate
142,What's been on your heart all week that you haven't said?,🌾 Provision | 🤗 Comfort | 👨‍👩‍👧 Family | ⏳ Patience,Provision,"The earth is the Lord's, and everything in it.",Psalm 24:1,Tell us — we're standing with you today.,an open Bible in warm morning light
143,What do you need from God today?,⏳ Patience | 😊 Joy | 🧭 Direction | ✝️ Faith,Faith,"Do not worry about tomorrow, for tomorrow will worry about itself.",Matthew 6:34,Share your today — we're here for it.,sunbeams through a forest canopy
144,What's the thing you're avoiding praying about?,🔥 Perseverance | 😊 Joy | 🌱 Restoration | 📖 Wisdom,Perseverance,"We also glory in our sufferings, because we know that suffering produces perseverance.",Romans 5:3,Tell us your today. We'll hold it with you.,morning light on a winding countryside road
145,What's the quiet worry you're carrying this morning?,✝️ Faith | 🔍 Clarity | 💪 Strength | 🔥 Perseverance,Faith,Perfect love drives out fear.,1 John 4:18,Let's be specific in prayer today — what do you need?,sunrise breaking through low valley fog
146,What would relief look like for you today?,🌾 Provision | 💼 Work | ✝️ Faith | 🔥 Perseverance,Faith,"Delight yourself in the Lord, and he will give you the desires of your heart.",Psalm 37:4,Let's start today together — what do you need?,walking toward a rising sun
147,What are you facing today that needs prayer?,⏳ Patience | 🙏 Trust | 🌟 Confidence | 🌿 Healing,Healing,"May your whole spirit, soul and body be kept blameless.",1 Thessalonians 5:23,What are you hoping God meets today?,open hands catching morning light
148,What are you praying for today?,😊 Joy | 🤝 Relationships | ✝️ Faith | 💡 Financial wisdom,Faith,Forget the former things; do not dwell on the past.,Isaiah 43:18,Let's pray specifically — what's the actual need?,golden light over an awakening prairie
149,What's the honest answer if we asked how you're doing?,💛 Encouragement | 🌿 Healing | 🛡️ Protection | ⏳ Patience,Protection,"God is our refuge and strength, an ever-present help in trouble.",Psalm 46:1,We're praying as a community — what's your need?,morning light spilling into an open doorway
150,Choose what you need most today.,🤝 Relationships | ✝️ Faith | 🕊️ Forgiveness | 🤍 Peace,Faith,"Seek first his kingdom and his righteousness, and all these things will be given to you as well.",Matthew 6:33,What would you ask God for this morning?,sunrise behind a lighthouse
151,What would today look like with peace in it?,💼 Work | 🌅 Hope | 🤝 Relationships | 🔍 Clarity,Clarity,"Then you will know the truth, and the truth will set you free.",John 8:32,What's the prayer you need lifted today?,a bright morning sky over water
152,What do you need permission to feel today?,🔥 Perseverance | ✝️ Faith | 😊 Joy | 🌅 Hope,Faith,Before they call I will answer; while they are still speaking I will hear.,Isaiah 65:24,We're listening — what's on your heart this morning?,clouds glowing pink and gold at dawn
153,What does your heart need today?,🙏 Trust | 🌟 Confidence | 🤗 Comfort | 🕊️ Grace,Trust,Know therefore that the Lord your God is God; he is the faithful God.,Deuteronomy 7:9,What's the honest prayer under the polished one?,sunrise catching mist above a valley floor
154,What's the need underneath the need?,🧭 Direction | 💼 Work | ✝️ Faith | 🤍 Peace,Faith,"For we are God's handiwork, created in Christ Jesus to do good works.",Ephesians 2:10,Tell us what's real for you this morning.,morning light catching hanging wind chimes
155,What's your request before the day begins?,😌 Rest | 🕊️ Forgiveness | 🙏 Trust | 💛 Encouragement,Forgiveness,There is now no condemnation for those who are in Christ Jesus.,Romans 8:1,What's the quiet thing you need prayer for today?,a fresh sunrise over a small town
156,What are you walking into today?,🤝 Relationships | 🔥 Perseverance | ✝️ Faith | 🕊️ Grace,Faith,"Continue to live your lives in him, rooted and built up in him.",Colossians 2:6,Let's start the day in prayer together.,a bright new day over distant farmland
157,What do you need to feel ready for today?,💪 Strength | ⏳ Patience | ✝️ Faith | 🕊️ Grace,Faith,The Lord is close to the brokenhearted and saves those who are crushed in spirit.,Psalm 34:18,Share what feels true for you this morning.,a golden field at first light
158,What would it mean to be honest with God this morning?,🤝 Relationships | 🧭 Direction | 📖 Wisdom | ✝️ Faith,Faith,He has made everything beautiful in its time.,Ecclesiastes 3:11,"Share what's on your heart this morning, if you'd like.",sunlight catching morning frost
159,What's today asking of you?,🔥 Perseverance | 🤗 Comfort | 🙏 Trust | 📖 Wisdom,Perseverance,Let us run with perseverance the race marked out for us.,Hebrews 12:1,Write your prayer request below if you feel comfortable.,golden hour light on a mountain trail
160,What's the smallest thing you need help with today?,✝️ Faith | 🦁 Courage | 🧭 Guidance | 🕊️ Forgiveness,Faith,He will wipe every tear from their eyes.,Revelation 21:4,What's one thing you'd want prayer for today?,morning light through olive trees
161,What's today's biggest need?,🌾 Provision | 🧭 Guidance | ✝️ Faith | 🌅 Hope,Faith,"Blessed are those who hunger and thirst for righteousness, for they will be filled.",Matthew 5:6,We're here — what do you need to say this morning?,morning light catching a field of tall grass
162,What's the thing you keep praying about?,🌾 Provision | ✝️ Faith | 🧭 Direction | 🤝 Relationships,Faith,You are the light of the world.,Matthew 5:14,What do you need? We're listening and praying.,morning light on dew-covered spiderwebs
163,What would help you most today?,🤝 Relationships | 💛 Encouragement | ✝️ Faith | 👨‍👩‍👧 Family,Faith,Rejoice that your names are written in heaven.,Luke 10:20,What would you want prayed over your day today?,first light touching a mountain peak
164,What do you need more of today?,📖 Wisdom | 🕊️ Forgiveness | 🌱 Restoration | 😌 Rest,Forgiveness,"As far as the east is from the west, so far has he removed our transgressions from us.",Psalm 103:12,"Let's pray this morning, together.",sunrise over quiet orchard rows
165,What are you hoping for today?,🕊️ Forgiveness | 🌿 Healing | ✝️ Faith | 🔍 Clarity,Faith,"Remain in me, as I also remain in you.",John 15:4,We're in this together. What's your need today?,sunlight breaking across a quiet meadow trail
166,What's your honest need this morning?,✝️ Faith | 🔍 Clarity | 💼 Work | 🌅 Hope,Faith,And God raised us up with Christ and seated us with him in the heavenly realms.,Ephesians 2:6,What's your today? We're here with you.,sunrise casting long shadows across a field
167,What do you need before you even leave the house?,🕊️ Grace | 🔍 Clarity | 🤗 Comfort | 🤍 Peace,Clarity,We have the mind of Christ.,1 Corinthians 2:16,Which of these are you asking God for today?,a fresh glow over quiet countryside fences
168,What do you need before this day starts?,✝️ Faith | 🌾 Provision | 🤝 Relationships | 🌱 Restoration,Provision,"Every good and perfect gift is from above, coming down from the Father of the heavenly lights.",James 1:17,"Let's carry today's needs together, as a community.",morning light on a peaceful hillside village
169,What's the first thing on your heart today?,💼 Work | 🙏 Trust | 🔥 Perseverance | 🛡️ Protection,Perseverance,Do not despise these small beginnings.,Zechariah 4:10,Let's be honest together this morning — what's real for you?,morning light spilling across an empty meadow
170,What's the one thing you need today?,🤍 Peace | ✝️ Faith | 🌅 Hope | 🌱 Restoration,Faith,"You did not choose me, but I chose you.",John 15:16,Leave one word below if you feel comfortable.,sunrise reflected in a still river
171,What do you need God to do today?,💼 Work | 🛡️ Protection | 💪 Strength | ✝️ Faith,Faith,Offer your bodies as a living sacrifice — this is your true and proper worship.,Romans 12:1,What are you carrying today that you'd want prayer for?,misty hills lit by early sun
172,"What's the thing today can't fix, but prayer might help with?",🌾 Provision | 🌱 Restoration | ✝️ Faith | 🧭 Direction,Faith,You are the God who sees me.,Genesis 16:13,What's on your heart? Share it below if you'd like.,a garden coming alive at sunrise
173,What are you hoping to hear from God today?,🤝 Relationships | 😌 Rest | 🕊️ Forgiveness | ✝️ Faith,Faith,He has clothed me with garments of salvation.,Isaiah 61:10,Let's hold today together — what do you need?,golden fields under a rising sun
174,What do you need clarity on today?,✝️ Faith | 🌿 Healing | 🕊️ Grace | 🧭 Guidance,Faith,You are the salt of the earth.,Matthew 5:13,This is a space to be honest — what do you need?,a fresh sunrise over layered mountain ridges
175,What would change your day if God met you there?,🤍 Peace | 🌾 Provision | ✝️ Faith | 🔥 Perseverance,Faith,"See what great love the Father has lavished on us, that we should be called children of God.",1 John 3:1,What's the honest need today? Share it here if you feel comfortable.,sunlight warming an old stone wall
176,What's the first need on your list today?,💛 Encouragement | 🌟 Confidence | ⏳ Patience | 🕊️ Grace,Confidence,This is the confidence we have in approaching God.,1 John 5:14,We'll pray with you — what's the request?,a bright horizon beyond distant hills
177,What's on your mind this morning?,🤗 Comfort | 💪 Strength | 😊 Joy | ✝️ Faith,Faith,But whatever were gains to me I now consider loss for the sake of Christ.,Philippians 3:7,What do you need from this community today?,sunrise over a quiet vineyard
178,What do you need strength for today?,🌾 Provision | 💼 Work | 🌟 Confidence | ✝️ Faith,Work,"Whatever you do, work at it with all your heart, as working for the Lord.",Colossians 3:23,We see you. What do you need today?,morning light on a quiet dock
179,What do you need to walk into today with?,🌅 Hope | 👨‍👩‍👧 Family | ✝️ Faith | ⏳ Patience,Faith,Don't you know that you yourselves are God's temple and that God's Spirit dwells in your midst?,1 Corinthians 3:16,What would honest prayer sound like for you today?,sunrise over distant rooftops
180,What's your one request for today?,🛡️ Protection | ✝️ Faith | 📖 Wisdom | ⏳ Patience,Faith,Enter his gates with thanksgiving and his courts with praise.,Psalm 100:4,What would you want someone to pray with you about today?,sunrise warming a row of sunflowers
181,What would ease your mind today?,🌿 Healing | 💛 Encouragement | 🔍 Clarity | ✝️ Faith,Faith,We are therefore Christ's ambassadors.,2 Corinthians 5:20,"Let's lift each other up — share your need, if you'd like.",golden light on a mountain ridge
182,Which one are you asking God for today?,💪 Strength | 🌟 Confidence | ✝️ Faith | 🧭 Direction,Faith,Be filled with the Spirit.,Ephesians 5:18,We'd love to pray with you — leave your request below.,golden light catching morning cobwebs
183,What do you need to start today right?,🤗 Comfort | 🤍 Peace | 🦁 Courage | 🕊️ Grace,Peace,"And the peace of God, which transcends all understanding, will guard your hearts and your minds in Christ Jesus.",Philippians 4:7,Let's pray for one another today. 🤍,sunlight streaming through a window
184,What does today require of your heart?,🌅 Hope | 💪 Strength | ✝️ Faith | 🌟 Confidence,Faith,"Fixing our eyes on Jesus, the pioneer and perfecter of faith.",Hebrews 12:2,This community is praying — what's yours today?,sunrise over a peaceful coastal town
185,What would today feel like with God's help?,🔍 Clarity | 🙏 Trust | 🛡️ Protection | 🔥 Perseverance,Clarity,"Set your minds on things above, not on earthly things.",Colossians 3:2,What is on your heart today?,morning light falling on a quiet street
186,What do you need to carry you through today?,✝️ Faith | 👨‍👩‍👧 Family | 💡 Financial wisdom | 🛡️ Protection,Faith,Your life is now hidden with Christ in God.,Colossians 3:3,What's your one request this morning?,sunlight filtering through tall grass
187,What do you need courage for today?,🤍 Peace | ⏳ Patience | 💼 Work | ✝️ Faith,Faith,God is love.,1 John 4:16,What do you need prayer for today? 🙏,golden light spilling over quiet terraces
188,What are you hoping to feel more of today?,🦁 Courage | 🔥 Perseverance | 😊 Joy | ✝️ Faith,Faith,"Man shall not live on bread alone, but on every word that comes from the mouth of God.",Matthew 4:4,Tell us — we'd love to stand with you today.,sunrise breaking through scattered morning clouds
189,What's the one prayer you keep coming back to?,🤝 Relationships | 🌾 Provision | ✝️ Faith | 🌿 Healing,Faith,"The Lord your God is with you, the Mighty Warrior who saves.",Zephaniah 3:17,What would it help to say out loud today?,a fresh glow over quiet hillside terraces
190,What do you need before you face today?,🙏 Trust | 😊 Joy | 🌟 Confidence | 👨‍👩‍👧 Family,Joy,You will fill me with joy in your presence.,Psalm 16:11,What's the thing you'd ask for if you knew we were listening?,morning light warming a row of young trees
191,What are you believing God for today?,🔍 Clarity | 💼 Work | ⏳ Patience | 🛡️ Protection,Protection,"Our struggle is not against flesh and blood, but against the rulers, against the authorities.",Ephesians 6:12,What's the thing you need lifted in prayer today?,a quiet porch at first light
192,What are you trusting God with today?,✝️ Faith | 📖 Wisdom | 🕊️ Grace | 🕊️ Forgiveness,Faith,"Honor the Lord with your wealth, with the firstfruits of all your crops.",Proverbs 3:9,Tell us — we're standing with you today.,a quiet trail lit by early sun
193,What's your prayer for today?,✝️ Faith | 🌿 Healing | 😌 Rest | 🛡️ Protection,Faith,"Ask for the ancient paths, ask where the good way is, and walk in it.",Jeremiah 6:16,Share your today — we're here for it.,sun rising behind silhouetted trees
194,What do you need to feel less alone today?,🛡️ Protection | 🔍 Clarity | 🦁 Courage | 🌱 Restoration,Protection,"He will cover you with his feathers, and under his wings you will find refuge.",Psalm 91:4,Tell us your today. We'll hold it with you.,"a calm, empty road at dawn"
195,What are you hoping God does today?,🤍 Peace | 💪 Strength | 🌿 Healing | 👨‍👩‍👧 Family,Healing,"I will restore you to health and heal your wounds, declares the Lord.",Jeremiah 30:17,Let's be specific in prayer today — what do you need?,a path leading into golden light
196,What's today's quiet prayer?,🕊️ Grace | 💡 Financial wisdom | 🛡️ Protection | 👨‍👩‍👧 Family,Protection,The Lord will watch over your coming and going both now and forevermore.,Psalm 121:8,Let's start today together — what do you need?,morning mist rising off a lake
197,What are you hoping changes today?,🦁 Courage | 🤗 Comfort | 😊 Joy | 🌿 Healing,Healing,By his wounds you have been healed.,1 Peter 2:24,What are you hoping God meets today?,sunrise behind rolling green pastures
198,What are you asking for this morning?,🧭 Guidance | 🛡️ Protection | 🌅 Hope | 🌿 Healing,Healing,Is anyone among you sick? Let them call the elders of the church to pray over them.,James 5:14,Let's pray specifically — what's the actual need?,a fresh dawn breaking over coastal cliffs
199,What would help you most right now?,🌅 Hope | 💪 Strength | 🌿 Healing | 🕊️ Grace,Healing,Surely he took up our pain and bore our suffering.,Isaiah 53:4,We're praying as a community — what's your need?,sunrise breaking over open fields
200,What would help your heart today?,😊 Joy | 👨‍👩‍👧 Family | 🌿 Healing | 🦁 Courage,Healing,"Heal me, Lord, and I will be healed; save me and I will be saved.",Jeremiah 17:14,What would you ask God for this morning?,sunrise catching the edge of a canyon
201,What do you wish someone would pray for you about today?,🧭 Guidance | 🤝 Relationships | 💪 Strength | 🔥 Perseverance,Strength,The Lord is my strength and my song; he has become my salvation.,Exodus 15:2,What's the prayer you need lifted today?,sunrise over quiet mountains
202,What do you need to hear today?,💪 Strength | ✝️ Faith | 🔍 Clarity | 💡 Financial wisdom,Strength,"Let the weak say, 'I am strong.'",Joel 3:10,We're listening — what's on your heart this morning?,golden hour light across an open horizon
203,What's the first prayer of your day?,✝️ Faith | 👨‍👩‍👧 Family | 💪 Strength | 🕊️ Grace,Faith,The secret things belong to the Lord our God.,Deuteronomy 29:29,What's the honest prayer under the polished one?,sunlight breaking over a quiet valley town
204,What do you need before the day gets busy?,🌾 Provision | 🤍 Peace | 🤗 Comfort | 👨‍👩‍👧 Family,Peace,The Lord gives strength to his people; the Lord blesses his people with peace.,Psalm 29:11,Tell us what's real for you this morning.,a calm lake reflecting sunrise
205,What's weighing on you this morning?,🌿 Healing | 🤝 Relationships | 🤍 Peace | 🔍 Clarity,Peace,"Great peace have those who love your law, and nothing can make them stumble.",Psalm 119:165,What's the quiet thing you need prayer for today?,sun rays breaking through clouds
206,What's the need you haven't said out loud?,🌅 Hope | ⏳ Patience | 🤍 Peace | 🦁 Courage,Peace,Let the peace of Christ rule in your hearts.,Colossians 3:15,Let's start the day in prayer together.,sunlight on an open journal and pen
207,What's the thing only God can give you today?,🤍 Peace | 🔥 Perseverance | 😊 Joy | 🌅 Hope,Peace,Peace I leave with you; my peace I give you.,John 14:27,Share what feels true for you this morning.,sunlight breaking through storm clouds
208,What are you carrying into today?,🧭 Guidance | 💛 Encouragement | 🌿 Healing | 🤍 Peace,Healing,He heals the brokenhearted and binds up their wounds.,Psalm 147:3,"Share what's on your heart this morning, if you'd like.",golden light through an open barn door
209,How can we pray with you today?,🌅 Hope | 👨‍👩‍👧 Family | 😌 Rest | 💼 Work,Rest,"In peace I will lie down and sleep, for you alone, Lord, make me dwell in safety.",Psalm 4:8,Write your prayer request below if you feel comfortable.,a bright dawn over open savanna
210,What's today's honest ask?,💛 Encouragement | 😌 Rest | 💪 Strength | 🤗 Comfort,Rest,"There remains, then, a Sabbath-rest for the people of God.",Hebrews 4:9,What's one thing you'd want prayer for today?,nature waking up with morning dew
211,What's the honest state of your heart this morning?,💛 Encouragement | 🛡️ Protection | 🦁 Courage | 🙏 Trust,Protection,He will not let your foot slip — he who watches over you will not slumber.,Psalm 121:3,We're here — what do you need to say this morning?,a bright horizon beyond a wooden pier
212,What would help you breathe easier today?,🌅 Hope | 😌 Rest | 📖 Wisdom | 🌟 Confidence,Rest,My soul finds rest in God alone; my salvation comes from him.,Psalm 62:1,What do you need? We're listening and praying.,sunlight breaking over calm tidal flats
213,What's today's biggest unknown?,🕊️ Forgiveness | 🛡️ Protection | 🧭 Guidance | 🙏 Trust,Guidance,I will instruct you and teach you in the way you should go.,Psalm 32:8,What would you want prayed over your day today?,a bright new day over open plains
214,What do you need to let go of today?,🌾 Provision | 🌤️ Renewal | ✝️ Faith | ⏳ Patience,Faith,"Blessed are those who mourn, for they will be comforted.",Matthew 5:4,"Let's pray this morning, together.",a fresh sunrise reflected in morning puddles
215,What do you need to feel steady today?,💛 Encouragement | 💡 Financial wisdom | 🧭 Guidance | 🔍 Clarity,Guidance,This is what the Lord says: 'This is the way; walk in it.',Isaiah 30:21,We're in this together. What's your need today?,first light on a quiet mountain lake
216,What's been on your heart all week that you haven't said?,🔥 Perseverance | 👨‍👩‍👧 Family | 😌 Rest | 🌱 Restoration,Restoration,The God of all grace... will himself restore you.,1 Peter 5:10,What's your today? We're here with you.,a bright dawn beyond distant church spires
217,What do you need from God today?,💪 Strength | 🕊️ Forgiveness | 🔍 Clarity | 📖 Wisdom,Wisdom,For the Lord gives wisdom; from his mouth come knowledge and understanding.,Proverbs 2:6,Which of these are you asking God for today?,a bright sunrise over rice terraces
218,What's the thing you're avoiding praying about?,😊 Joy | 💼 Work | 🕊️ Forgiveness | 📖 Wisdom,Wisdom,The fear of the Lord is the beginning of wisdom.,Proverbs 9:10,"Let's carry today's needs together, as a community.",golden light through a barn window
219,What's the quiet worry you're carrying this morning?,💼 Work | 🧭 Direction | 😌 Rest | 🌾 Provision,Work,Let the favor of the Lord our God rest on us; establish the work of our hands.,Psalm 90:17,Let's be honest together this morning — what's real for you?,a warm glow over sleepy farmland
220,What would relief look like for you today?,✝️ Faith | 🕊️ Grace | 🌱 Restoration | 🔍 Clarity,Clarity,The unfolding of your words gives light; it gives understanding to the simple.,Psalm 119:130,Leave one word below if you feel comfortable.,morning light glinting off a tin rooftop
221,What are you facing today that needs prayer?,🌟 Confidence | 🛡️ Protection | 😊 Joy | 🧭 Guidance,Guidance,"Your word is a lamp for my feet, a light on my path.",Psalm 119:105,What are you carrying today that you'd want prayer for?,a fresh sunrise behind a wooden fence
222,What are you praying for today?,🌱 Restoration | 🌾 Provision | 🔥 Perseverance | 🦁 Courage,Perseverance,"For though the righteous fall seven times, they rise again.",Proverbs 24:16,What's on your heart? Share it below if you'd like.,a hopeful sunrise through tree branches
223,What's the honest answer if we asked how you're doing?,💡 Financial wisdom | 💛 Encouragement | 🕊️ Forgiveness | 🧭 Direction,Encouragement,Therefore encourage one another and build each other up.,1 Thessalonians 5:11,Let's hold today together — what do you need?,a bright new morning over calm wetlands
224,Choose what you need most today.,📖 Wisdom | 🤍 Peace | 🌤️ Renewal | 💡 Financial wisdom,Wisdom,"If any of you lacks wisdom, you should ask God, who gives generously to all.",James 1:5,This is a space to be honest — what do you need?,a fresh dawn behind a weathered barn
225,What would today look like with peace in it?,✝️ Faith | ⏳ Patience | 📖 Wisdom | 🌅 Hope,Faith,The righteous will live by faith.,Romans 1:17,What's the honest need today? Share it here if you feel comfortable.,morning sky with soft golden light
226,What do you need permission to feel today?,🧭 Guidance | 🤝 Relationships | 🕊️ Forgiveness | 🛡️ Protection,Relationships,Love your neighbor as yourself.,Mark 12:31,We'll pray with you — what's the request?,a peaceful farm at first light
227,What does your heart need today?,✝️ Faith | ⏳ Patience | 🤝 Relationships | 🕊️ Forgiveness,Faith,Without faith it is impossible to please God.,Hebrews 11:6,What do you need from this community today?,sun breaking over the horizon at sea
228,What's the need underneath the need?,😌 Rest | ⏳ Patience | 🙏 Trust | 🕊️ Forgiveness,Forgiveness,Forgive as the Lord forgave you.,Colossians 3:13,We see you. What do you need today?,sunrise behind gentle rolling dunes
229,What's your request before the day begins?,🌅 Hope | 🤗 Comfort | 🛡️ Protection | ✝️ Faith,Faith,Commit your way to the Lord; trust in him and he will act.,Psalm 37:5,What would honest prayer sound like for you today?,golden hour over a still countryside pond
230,What are you walking into today?,🛡️ Protection | 🙏 Trust | 🌾 Provision | 🕊️ Grace,Trust,"Those who trust in the Lord are like Mount Zion, which cannot be shaken.",Psalm 125:1,What would you want someone to pray with you about today?,morning light on a quiet stone path
231,What do you need to feel ready for today?,🌱 Restoration | 🔥 Perseverance | 🔍 Clarity | 🤍 Peace,Perseverance,"Well done, good and faithful servant!",Matthew 25:21,"Let's lift each other up — share your need, if you'd like.",sunlight breaking through morning haze
232,What would it mean to be honest with God this morning?,✝️ Faith | 🤍 Peace | 🌟 Confidence | 🕊️ Forgiveness,Faith,"Do not boast about tomorrow, for you do not know what a day may bring.",Proverbs 27:1,We'd love to pray with you — leave your request below.,morning fog lifting over a valley
233,What's today asking of you?,🌅 Hope | 📖 Wisdom | 🌤️ Renewal | 👨‍👩‍👧 Family,Hope,"For I know the plans I have for you, declares the Lord, plans to prosper you and not to harm you, plans to give you hope and a future.",Jeremiah 29:11,Let's pray for one another today. 🤍,golden light spilling across a wheat field
234,What's the smallest thing you need help with today?,🕊️ Grace | 🧭 Guidance | ⏳ Patience | ✝️ Faith,Faith,"Bless the Lord, O my soul, and forget not all his benefits.",Psalm 103:2,This community is praying — what's yours today?,sunlight warming a quiet garden bench
235,What's today's biggest need?,💪 Strength | ✝️ Faith | 🤝 Relationships | 🌿 Healing,Faith,Taste and see that the Lord is good; blessed is the one who takes refuge in him.,Psalm 34:8,What is on your heart today?,morning glow on a quiet mountain switchback
236,What's the thing you keep praying about?,🌅 Hope | 🤍 Peace | 🦁 Courage | 🧭 Direction,Hope,In this world you will have trouble. But take heart! I have overcome the world.,John 16:33,What's your one request this morning?,sunrise catching the tops of pine trees
237,What would help you most today?,😌 Rest | 🙏 Trust | 🤗 Comfort | 📖 Wisdom,Rest,"In vain you rise early and stay up late, toiling for food to eat — for he grants sleep to those he loves.",Psalm 127:2,What do you need prayer for today? 🙏,soft golden light through curtains
238,What do you need more of today?,😌 Rest | 🔍 Clarity | 💪 Strength | 🌾 Provision,Rest,"Come to me, all you who are weary and burdened, and I will give you rest.",Matthew 11:28,Tell us — we'd love to stand with you today.,morning light over a quiet river bend
239,What are you hoping for today?,✝️ Faith | 🦁 Courage | 💪 Strength | 🌾 Provision,Faith,"There is a time for everything, and a season for every activity under the heavens.",Ecclesiastes 3:1,What would it help to say out loud today?,clouds parting into morning light
240,What's your honest need this morning?,🌿 Healing | ✝️ Faith | 🌾 Provision | 💪 Strength,Faith,Act justly and to love mercy and to walk humbly with your God.,Micah 6:8,What's the thing you'd ask for if you knew we were listening?,sunrise over a calm harbor
241,What do you need before you even leave the house?,🛡️ Protection | 🙏 Trust | 💼 Work | 🌅 Hope,Hope,But those who hope in the Lord will renew their strength.,Isaiah 40:31,What's the thing you need lifted in prayer today?,a fresh morning sky over green hills
242,What do you need before this day starts?,🤍 Peace | ✝️ Faith | 🧭 Guidance | 🛡️ Protection,Faith,Give thanks in all circumstances.,1 Thessalonians 5:18,Tell us — we're standing with you today.,morning light on a quiet garden gate
243,What's the first thing on your heart today?,🕊️ Grace | 💡 Financial wisdom | 🌱 Restoration | 🦁 Courage,Courage,"If God is for us, who can be against us?",Romans 8:31,Share your today — we're here for it.,a window seat bathed in morning light
244,What's the one thing you need today?,💛 Encouragement | ✝️ Faith | 🕊️ Forgiveness | 📖 Wisdom,Faith,Draw near to God and he will draw near to you.,James 4:8,Tell us your today. We'll hold it with you.,morning sun breaking over sand dunes
245,What do you need God to do today?,💡 Financial wisdom | ✝️ Faith | 🦁 Courage | 💛 Encouragement,Faith,"The fruit of the Spirit is love, joy, peace, forbearance, kindness, goodness, faithfulness.",Galatians 5:22,Let's be specific in prayer today — what do you need?,sunrise over terraced farmland
246,"What's the thing today can't fix, but prayer might help with?",🧭 Direction | 🛡️ Protection | 💪 Strength | 🦁 Courage,Protection,The Lord will keep you from all harm — he will watch over your life.,Psalm 121:7,Let's start today together — what do you need?,golden hour on a quiet hillside trail
247,What are you hoping to hear from God today?,✝️ Faith | 🌿 Healing | 🧭 Guidance | 🔍 Clarity,Faith,"Do not be anxious about anything, but in every situation, by prayer and petition, present your requests to God.",Philippians 4:6,What are you hoping God meets today?,sunrise over rolling hills
248,What do you need clarity on today?,🌅 Hope | 🔍 Clarity | 🤗 Comfort | 🌤️ Renewal,Hope,"The thief comes only to steal and kill and destroy; I have come that they may have life, and have it to the full.",John 10:10,Let's pray specifically — what's the actual need?,dew on grass in early morning sun
249,What would change your day if God met you there?,🤗 Comfort | 🌱 Restoration | 💡 Financial wisdom | ✝️ Faith,Faith,"Neither height nor depth, nor anything else in all creation, will be able to separate us from the love of God.",Romans 8:39,We're praying as a community — what's your need?,a city skyline lit by dawn
250,What's the first need on your list today?,🌤️ Renewal | 🙏 Trust | 🌿 Healing | 💪 Strength,Strength,I can do all this through him who gives me strength.,Philippians 4:13,What would you ask God for this morning?,sunrise over a peaceful beach
251,What's on your mind this morning?,🙏 Trust | 🌟 Confidence | 🧭 Direction | 🌿 Healing,Trust,Jesus Christ is the same yesterday and today and forever.,Hebrews 13:8,What's the prayer you need lifted today?,a warm kitchen lit by early light
252,What do you need strength for today?,🌱 Restoration | ✝️ Faith | 🤗 Comfort | 😌 Rest,Faith,"But when you pray, go into your room, close the door and pray to your Father.",Matthew 6:6,We're listening — what's on your heart this morning?,a figure walking toward the sunlight
253,What do you need to walk into today with?,✝️ Faith | 🤍 Peace | 💪 Strength | 🤝 Relationships,Faith,I have called you by name; you are mine.,Isaiah 43:1,What's the honest prayer under the polished one?,morning glow over a sleepy fishing village
254,What's your one request for today?,🦁 Courage | 💛 Encouragement | ✝️ Faith | 🤗 Comfort,Faith,I praise you because I am fearfully and wonderfully made.,Psalm 139:14,Tell us what's real for you this morning.,birds against a sunrise sky
255,What would ease your mind today?,🤝 Relationships | 🤗 Comfort | ⏳ Patience | 🙏 Trust,Relationships,"Clothe yourselves with compassion, kindness, humility, gentleness and patience.",Colossians 3:12,What's the quiet thing you need prayer for today?,sunrise silhouetting a distant windmill
256,Which one are you asking God for today?,🤗 Comfort | 😊 Joy | 🤝 Relationships | 🧭 Guidance,Relationships,"Be completely humble and gentle; be patient, bearing with one another in love.",Ephesians 4:2,Let's start the day in prayer together.,a bright horizon over calm water
257,What do you need to start today right?,💛 Encouragement | 🧭 Direction | 🔥 Perseverance | ✝️ Faith,Faith,Love the Lord your God with all your heart and with all your soul and with all your mind.,Matthew 22:37,Share what feels true for you this morning.,morning glow over an open wooden gate
258,What does today require of your heart?,🔥 Perseverance | 👨‍👩‍👧 Family | 🙏 Trust | 💼 Work,Perseverance,"We also glory in our sufferings, because we know that suffering produces perseverance.",Romans 5:3,"Share what's on your heart this morning, if you'd like.",an open Bible in warm morning light
259,What would today feel like with God's help?,🌅 Hope | 🕊️ Forgiveness | 🌟 Confidence | ✝️ Faith,Faith,The Lord is my light and my salvation — whom shall I fear?,Psalm 27:1,Write your prayer request below if you feel comfortable.,sunbeams through a forest canopy
260,What do you need to carry you through today?,🤝 Relationships | 💡 Financial wisdom | ✝️ Faith | 🌱 Restoration,Faith,Perfect love drives out fear.,1 John 4:18,What's one thing you'd want prayer for today?,morning light on a winding countryside road
261,What do you need courage for today?,📖 Wisdom | 🤍 Peace | 💛 Encouragement | ✝️ Faith,Faith,"Delight yourself in the Lord, and he will give you the desires of your heart.",Psalm 37:4,We're here — what do you need to say this morning?,sunrise breaking through low valley fog
262,What are you hoping to feel more of today?,💪 Strength | 🌾 Provision | 🛡️ Protection | 💛 Encouragement,Protection,You are my hiding place; you will protect me from trouble.,Psalm 32:7,What do you need? We're listening and praying.,walking toward a rising sun
263,What's the one prayer you keep coming back to?,✝️ Faith | 📖 Wisdom | 🦁 Courage | 🌿 Healing,Faith,Cast your cares on the Lord and he will sustain you.,Psalm 55:22,What would you want prayed over your day today?,open hands catching morning light
264,What do you need before you face today?,🧭 Direction | 🔍 Clarity | 🙏 Trust | 🤍 Peace,Peace,"You will keep in perfect peace those whose minds are steadfast, because they trust in you.",Isaiah 26:3,"Let's pray this morning, together.",golden light over an awakening prairie
265,What are you believing God for today?,🧭 Direction | 🛡️ Protection | 🌅 Hope | 💛 Encouragement,Protection,"God is our refuge and strength, an ever-present help in trouble.",Psalm 46:1,We're in this together. What's your need today?,morning light spilling into an open doorway
266,What are you trusting God with today?,📖 Wisdom | 🕊️ Grace | ✝️ Faith | 🌾 Provision,Faith,"Seek first his kingdom and his righteousness, and all these things will be given to you as well.",Matthew 6:33,What's your today? We're here with you.,sunrise behind a lighthouse
267,What's your prayer for today?,🌿 Healing | ✝️ Faith | 🌅 Hope | 💛 Encouragement,Faith,Before they call I will answer; while they are still speaking I will hear.,Isaiah 65:24,Which of these are you asking God for today?,a bright morning sky over water
268,What do you need to feel less alone today?,✝️ Faith | 🧭 Guidance | 👨‍👩‍👧 Family | 💡 Financial wisdom,Faith,"Not to us, Lord, not to us but to your name be the glory.",Psalm 115:1,"Let's carry today's needs together, as a community.",clouds glowing pink and gold at dawn
269,What are you hoping God does today?,💪 Strength | 😊 Joy | 💡 Financial wisdom | 🙏 Trust,Trust,Know therefore that the Lord your God is God; he is the faithful God.,Deuteronomy 7:9,Let's be honest together this morning — what's real for you?,sunrise catching mist above a valley floor
270,What's today's quiet prayer?,🤗 Comfort | 🦁 Courage | ✝️ Faith | 🧭 Direction,Faith,"For we are God's handiwork, created in Christ Jesus to do good works.",Ephesians 2:10,Leave one word below if you feel comfortable.,morning light catching hanging wind chimes
271,What are you hoping changes today?,🦁 Courage | ✝️ Faith | 🌿 Healing | 👨‍👩‍👧 Family,Faith,All the days ordained for me were written in your book before one of them came to be.,Psalm 139:16,What are you carrying today that you'd want prayer for?,a fresh sunrise over a small town
272,What are you asking for this morning?,💛 Encouragement | 👨‍👩‍👧 Family | 🦁 Courage | 🛡️ Protection,Family,"By him we cry, 'Abba, Father.'",Romans 8:15,What's on your heart? Share it below if you'd like.,a bright new day over distant farmland
273,What would help you most right now?,✝️ Faith | 🌅 Hope | 🕊️ Grace | 😌 Rest,Faith,Ask and it will be given to you; seek and you will find.,Matthew 7:7,Let's hold today together — what do you need?,a golden field at first light
274,What would help your heart today?,😊 Joy | 🤍 Peace | 🌅 Hope | 🤝 Relationships,Relationships,"A friend loves at all times, and a brother is born for a time of adversity.",Proverbs 17:17,This is a space to be honest — what do you need?,sunlight catching morning frost
275,What do you wish someone would pray for you about today?,🕊️ Forgiveness | 🕊️ Grace | ✝️ Faith | 🧭 Direction,Faith,He will wipe every tear from their eyes.,Revelation 21:4,What's the honest need today? Share it here if you feel comfortable.,golden hour light on a mountain trail
276,What do you need to hear today?,🌾 Provision | 🕊️ Grace | ✝️ Faith | 💛 Encouragement,Provision,Give us today our daily bread.,Matthew 6:11,We'll pray with you — what's the request?,morning light through olive trees
277,What's the first prayer of your day?,🧭 Guidance | 😊 Joy | 💪 Strength | ✝️ Faith,Faith,"Blessed are those who hunger and thirst for righteousness, for they will be filled.",Matthew 5:6,What do you need from this community today?,morning light catching a field of tall grass
278,What do you need before the day gets busy?,🌤️ Renewal | 🌅 Hope | ✝️ Faith | 💼 Work,Faith,You are the light of the world.,Matthew 5:14,We see you. What do you need today?,morning light on dew-covered spiderwebs
279,What's weighing on you this morning?,🕊️ Forgiveness | 🤝 Relationships | ✝️ Faith | 🌤️ Renewal,Faith,Rejoice that your names are written in heaven.,Luke 10:20,What would honest prayer sound like for you today?,first light touching a mountain peak
280,What's the need you haven't said out loud?,🌤️ Renewal | 😌 Rest | ✝️ Faith | 💛 Encouragement,Faith,And God raised us up with Christ and seated us with him in the heavenly realms.,Ephesians 2:6,What would you want someone to pray with you about today?,sunrise over quiet orchard rows
281,What's the thing only God can give you today?,🔍 Clarity | 🌱 Restoration | 🌅 Hope | 🤗 Comfort,Clarity,We have the mind of Christ.,1 Corinthians 2:16,"Let's lift each other up — share your need, if you'd like.",sunlight breaking across a quiet meadow trail
282,What are you carrying into today?,✝️ Faith | 🌾 Provision | 💛 Encouragement | ⏳ Patience,Provision,"Every good and perfect gift is from above, coming down from the Father of the heavenly lights.",James 1:17,We'd love to pray with you — leave your request below.,sunrise casting long shadows across a field
283,How can we pray with you today?,👨‍👩‍👧 Family | 💡 Financial wisdom | 🕊️ Grace | 🕊️ Forgiveness,Family,"Sons are a heritage from the Lord, children a reward from him.",Psalm 127:3,Let's pray for one another today. 🤍,a fresh glow over quiet countryside fences
284,What's today's honest ask?,✝️ Faith | 😊 Joy | 😌 Rest | 💪 Strength,Faith,"You did not choose me, but I chose you.",John 15:16,This community is praying — what's yours today?,morning light on a peaceful hillside village
285,What's the honest state of your heart this morning?,💪 Strength | 💛 Encouragement | 🌟 Confidence | 🌾 Provision,Provision,The Lord is my shepherd; I lack nothing.,Psalm 23:1,What is on your heart today?,morning light spilling across an empty meadow
286,What would help you breathe easier today?,🦁 Courage | ✝️ Faith | 🌾 Provision | 🌅 Hope,Faith,Offer your bodies as a living sacrifice — this is your true and proper worship.,Romans 12:1,What's your one request this morning?,sunrise reflected in a still river
287,What's today's biggest unknown?,😌 Rest | 🌤️ Renewal | ✝️ Faith | 🔥 Perseverance,Faith,The Spirit himself intercedes for us through wordless groans.,Romans 8:26,What do you need prayer for today? 🙏,misty hills lit by early sun
288,What do you need to let go of today?,😊 Joy | 🦁 Courage | ✝️ Faith | 📖 Wisdom,Faith,"See what great love the Father has lavished on us, that we should be called children of God.",1 John 3:1,Tell us — we'd love to stand with you today.,a garden coming alive at sunrise
289,What do you need to feel steady today?,💼 Work | 💪 Strength | 🤍 Peace | ✝️ Faith,Faith,Surely your goodness and love will follow me all the days of my life.,Psalm 23:6,What would it help to say out loud today?,golden fields under a rising sun
290,What's been on your heart all week that you haven't said?,✝️ Faith | 💪 Strength | 🌿 Healing | 💛 Encouragement,Faith,But whatever were gains to me I now consider loss for the sake of Christ.,Philippians 3:7,What's the thing you'd ask for if you knew we were listening?,a fresh sunrise over layered mountain ridges
291,What do you need from God today?,🌱 Restoration | ✝️ Faith | 🦁 Courage | 🕊️ Forgiveness,Faith,Now faith is confidence in what we hope for and assurance about what we do not see.,Hebrews 11:1,What's the thing you need lifted in prayer today?,sunlight warming an old stone wall
292,What's the thing you're avoiding praying about?,💡 Financial wisdom | 🕊️ Forgiveness | 🦁 Courage | 🤍 Peace,Forgiveness,"If we confess our sins, he is faithful and just and will forgive us our sins.",1 John 1:9,Tell us — we're standing with you today.,a bright horizon beyond distant hills
293,What's the quiet worry you're carrying this morning?,🤍 Peace | 🧭 Direction | 👨‍👩‍👧 Family | 💼 Work,Work,"Whatever you do, work at it with all your heart, as working for the Lord.",Colossians 3:23,Share your today — we're here for it.,sunrise over a quiet vineyard
294,What would relief look like for you today?,⏳ Patience | ✝️ Faith | 💼 Work | 🛡️ Protection,Faith,Don't you know that you yourselves are God's temple and that God's Spirit dwells in your midst?,1 Corinthians 3:16,Tell us your today. We'll hold it with you.,morning light on a quiet dock
295,What are you facing today that needs prayer?,💼 Work | 🌅 Hope | 🕊️ Forgiveness | 🧭 Direction,Work,"Commit to the Lord whatever you do, and he will establish your plans.",Proverbs 16:3,Let's be specific in prayer today — what do you need?,sunrise over distant rooftops
296,What are you praying for today?,🧭 Guidance | 💛 Encouragement | 🌿 Healing | 🙏 Trust,Trust,"Some trust in chariots and some in horses, but we trust in the name of the Lord our God.",Psalm 20:7,Let's start today together — what do you need?,sunrise warming a row of sunflowers
297,What's the honest answer if we asked how you're doing?,🛡️ Protection | ⏳ Patience | ✝️ Faith | 🤝 Relationships,Faith,Enter his gates with thanksgiving and his courts with praise.,Psalm 100:4,What are you hoping God meets today?,golden light on a mountain ridge
298,Choose what you need most today.,🌿 Healing | 🦁 Courage | ✝️ Faith | 🔥 Perseverance,Faith,We are therefore Christ's ambassadors.,2 Corinthians 5:20,Let's pray specifically — what's the actual need?,golden light catching morning cobwebs
299,What would today look like with peace in it?,🕊️ Grace | 🧭 Direction | 🙏 Trust | 🌱 Restoration,Grace,Let us then approach God's throne of grace with confidence.,Hebrews 4:16,We're praying as a community — what's your need?,sunlight streaming through a window
300,What do you need permission to feel today?,✝️ Faith | 🌾 Provision | 😌 Rest | 💪 Strength,Faith,Be filled with the Spirit.,Ephesians 5:18,What would you ask God for this morning?,sunrise over a peaceful coastal town
301,What does your heart need today?,🕊️ Forgiveness | 🔍 Clarity | 🌅 Hope | 💛 Encouragement,Hope,"We have this hope as an anchor for the soul, firm and secure.",Hebrews 6:19,What's the prayer you need lifted today?,morning light falling on a quiet street
302,What's the need underneath the need?,🤍 Peace | 🔍 Clarity | 🌱 Restoration | 🌅 Hope,Peace,"And the peace of God, which transcends all understanding, will guard your hearts and your minds in Christ Jesus.",Philippians 4:7,We're listening — what's on your heart this morning?,sunlight filtering through tall grass
303,What's your request before the day begins?,🌟 Confidence | 🔥 Perseverance | 🧭 Guidance | ✝️ Faith,Faith,"Fixing our eyes on Jesus, the pioneer and perfecter of faith.",Hebrews 12:2,What's the honest prayer under the polished one?,golden light spilling over quiet terraces
304,What are you walking into today?,🌅 Hope | 🌤️ Renewal | 🔥 Perseverance | 🌿 Healing,Hope,May the God of hope fill you with all joy and peace as you trust in him.,Romans 15:13,Tell us what's real for you this morning.,sunrise breaking through scattered morning clouds
305,What do you need to feel ready for today?,🔍 Clarity | 📖 Wisdom | 🕊️ Forgiveness | ⏳ Patience,Clarity,"Set your minds on things above, not on earthly things.",Colossians 3:2,What's the quiet thing you need prayer for today?,a fresh glow over quiet hillside terraces
306,What would it mean to be honest with God this morning?,🤝 Relationships | 📖 Wisdom | 🦁 Courage | ✝️ Faith,Faith,Your life is now hidden with Christ in God.,Colossians 3:3,Let's start the day in prayer together.,morning light warming a row of young trees
307,What's today asking of you?,🤝 Relationships | 🔍 Clarity | 🤗 Comfort | 🧭 Guidance,Relationships,"Two are better than one, because they have a good return for their labor.",Ecclesiastes 4:9,Share what feels true for you this morning.,a quiet porch at first light
308,What's the smallest thing you need help with today?,😊 Joy | 💛 Encouragement | 📖 Wisdom | ✝️ Faith,Faith,God is love.,1 John 4:16,"Share what's on your heart this morning, if you'd like.",a quiet trail lit by early sun
309,What's today's biggest need?,🔥 Perseverance | ✝️ Faith | 🌅 Hope | 🌱 Restoration,Faith,"Man shall not live on bread alone, but on every word that comes from the mouth of God.",Matthew 4:4,Write your prayer request below if you feel comfortable.,sun rising behind silhouetted trees
310,What's the thing you keep praying about?,🕊️ Forgiveness | 🌤️ Renewal | 🧭 Guidance | 😊 Joy,Forgiveness,"Be kind and compassionate to one another, forgiving each other, just as in Christ God forgave you.",Ephesians 4:32,What's one thing you'd want prayer for today?,"a calm, empty road at dawn"
311,What would help you most today?,🤝 Relationships | ✝️ Faith | 😊 Joy | 🤍 Peace,Faith,I have loved you with an everlasting love.,Jeremiah 31:3,We're here — what do you need to say this morning?,a path leading into golden light
312,What do you need more of today?,🦁 Courage | ✝️ Faith | 🌅 Hope | 📖 Wisdom,Faith,"The Lord your God is with you, the Mighty Warrior who saves.",Zephaniah 3:17,What do you need? We're listening and praying.,morning mist rising off a lake
313,What are you hoping for today?,✝️ Faith | 😌 Rest | 🤝 Relationships | 🌾 Provision,Faith,"Walk by the Spirit, and you will not gratify the desires of the flesh.",Galatians 5:16,What would you want prayed over your day today?,sunrise behind rolling green pastures
314,What's your honest need this morning?,🌤️ Renewal | 😌 Rest | ✝️ Faith | 🌿 Healing,Faith,"Truly I tell you, if you have faith as small as a mustard seed, nothing will be impossible for you.",Matthew 17:20,"Let's pray this morning, together.",a fresh dawn breaking over coastal cliffs
315,What do you need before you even leave the house?,🤝 Relationships | 📖 Wisdom | 🛡️ Protection | 👨‍👩‍👧 Family,Protection,"Our struggle is not against flesh and blood, but against the rulers, against the authorities.",Ephesians 6:12,We're in this together. What's your need today?,sunrise breaking over open fields
316,What do you need before this day starts?,🌾 Provision | 😌 Rest | 🛡️ Protection | 🙏 Trust,Protection,The Lord will watch over your coming and going both now and forevermore.,Psalm 121:8,What's your today? We're here with you.,sunrise catching the edge of a canyon
317,What's the first thing on your heart today?,😊 Joy | 🌿 Healing | 💛 Encouragement | ✝️ Faith,Faith,"I will give thanks to you, Lord, with all my heart.",Psalm 9:1,Which of these are you asking God for today?,sunrise over quiet mountains
318,What's the one thing you need today?,🌾 Provision | 🌿 Healing | 🙏 Trust | 🤍 Peace,Healing,Is anyone among you sick? Let them call the elders of the church to pray over them.,James 5:14,"Let's carry today's needs together, as a community.",golden hour light across an open horizon
319,What do you need God to do today?,🦁 Courage | 🌾 Provision | 🌿 Healing | 🤝 Relationships,Healing,Surely he took up our pain and bore our suffering.,Isaiah 53:4,Let's be honest together this morning — what's real for you?,sunlight breaking over a quiet valley town
320,"What's the thing today can't fix, but prayer might help with?",🌿 Healing | 🛡️ Protection | 🤝 Relationships | 🧭 Direction,Healing,"Heal me, Lord, and I will be healed; save me and I will be saved.",Jeremiah 17:14,Leave one word below if you feel comfortable.,a calm lake reflecting sunrise
321,What are you hoping to hear from God today?,👨‍👩‍👧 Family | 😌 Rest | 🔥 Perseverance | 💪 Strength,Strength,The Lord is my strength and my song; he has become my salvation.,Exodus 15:2,What are you carrying today that you'd want prayer for?,sun rays breaking through clouds
322,What do you need clarity on today?,🤝 Relationships | ⏳ Patience | 😌 Rest | 💪 Strength,Strength,"Let the weak say, 'I am strong.'",Joel 3:10,What's on your heart? Share it below if you'd like.,sunlight on an open journal and pen
323,What would change your day if God met you there?,🤍 Peace | 🛡️ Protection | 💪 Strength | 🌱 Restoration,Peace,"Great peace have those who love your law, and nothing can make them stumble.",Psalm 119:165,Let's hold today together — what do you need?,sunlight breaking through storm clouds
324,What's the first need on your list today?,📖 Wisdom | 🤍 Peace | 🙏 Trust | 🌟 Confidence,Peace,Let the peace of Christ rule in your hearts.,Colossians 3:15,This is a space to be honest — what do you need?,golden light through an open barn door
325,What's on your mind this morning?,🌤️ Renewal | 🕊️ Grace | 🤍 Peace | 💼 Work,Peace,Peace I leave with you; my peace I give you.,John 14:27,What's the honest need today? Share it here if you feel comfortable.,a bright dawn over open savanna
326,What do you need strength for today?,💪 Strength | 🔥 Perseverance | 😊 Joy | 🌿 Healing,Healing,He heals the brokenhearted and binds up their wounds.,Psalm 147:3,We'll pray with you — what's the request?,nature waking up with morning dew
327,What do you need to walk into today with?,🔍 Clarity | 🦁 Courage | 🤝 Relationships | ✝️ Faith,Faith,Our light and momentary troubles are achieving for us an eternal glory that far outweighs them all.,2 Corinthians 4:17,What do you need from this community today?,a bright horizon beyond a wooden pier
328,What's your one request for today?,🌅 Hope | 😌 Rest | 🔍 Clarity | ✝️ Faith,Rest,"In peace I will lie down and sleep, for you alone, Lord, make me dwell in safety.",Psalm 4:8,We see you. What do you need today?,sunlight breaking over calm tidal flats
329,What would ease your mind today?,😊 Joy | 💛 Encouragement | 😌 Rest | 💡 Financial wisdom,Rest,"There remains, then, a Sabbath-rest for the people of God.",Hebrews 4:9,What would honest prayer sound like for you today?,a bright new day over open plains
330,Which one are you asking God for today?,🛡️ Protection | 🤍 Peace | ✝️ Faith | 💪 Strength,Protection,He will not let your foot slip — he who watches over you will not slumber.,Psalm 121:3,What would you want someone to pray with you about today?,a fresh sunrise reflected in morning puddles
331,What do you need to start today right?,✝️ Faith | 🔍 Clarity | 🕊️ Forgiveness | 😌 Rest,Rest,My soul finds rest in God alone; my salvation comes from him.,Psalm 62:1,"Let's lift each other up — share your need, if you'd like.",first light on a quiet mountain lake
332,What does today require of your heart?,🔥 Perseverance | 🧭 Direction | 🙏 Trust | 🤗 Comfort,Trust,Trust in the Lord with all your heart and lean not on your own understanding.,Proverbs 3:5,We'd love to pray with you — leave your request below.,a bright dawn beyond distant church spires
333,What would today feel like with God's help?,💼 Work | 📖 Wisdom | 🧭 Guidance | 💛 Encouragement,Guidance,This is what the Lord says: 'This is the way; walk in it.',Isaiah 30:21,Let's pray for one another today. 🤍,a bright sunrise over rice terraces
334,What do you need to carry you through today?,💼 Work | ✝️ Faith | 💛 Encouragement | 👨‍👩‍👧 Family,Faith,"My thoughts are not your thoughts, neither are your ways my ways.",Isaiah 55:8,This community is praying — what's yours today?,golden light through a barn window
335,What do you need courage for today?,😊 Joy | 🧭 Guidance | 🌟 Confidence | 📖 Wisdom,Wisdom,The fear of the Lord is the beginning of wisdom.,Proverbs 9:10,What is on your heart today?,a warm glow over sleepy farmland
336,What are you hoping to feel more of today?,🌾 Provision | 💼 Work | 🌅 Hope | 🌤️ Renewal,Provision,"The earth is the Lord's, and everything in it.",Psalm 24:1,What's your one request this morning?,morning light glinting off a tin rooftop
337,What's the one prayer you keep coming back to?,🔥 Perseverance | 🔍 Clarity | 🙏 Trust | 😌 Rest,Clarity,The unfolding of your words gives light; it gives understanding to the simple.,Psalm 119:130,What do you need prayer for today? 🙏,a fresh sunrise behind a wooden fence
338,What do you need before you face today?,😌 Rest | 💼 Work | ✝️ Faith | 👨‍👩‍👧 Family,Faith,"You have searched me, Lord, and you know me.",Psalm 139:1,Tell us — we'd love to stand with you today.,a hopeful sunrise through tree branches
339,What are you believing God for today?,📖 Wisdom | 🌟 Confidence | 🛡️ Protection | 🙏 Trust,Trust,"Trust in the Lord forever, for the Lord, the Lord himself, is the Rock eternal.",Isaiah 26:4,What would it help to say out loud today?,a bright new morning over calm wetlands
340,What are you trusting God with today?,💪 Strength | 🤝 Relationships | 🧭 Direction | 📖 Wisdom,Wisdom,"If any of you lacks wisdom, you should ask God, who gives generously to all.",James 1:5,What's the thing you'd ask for if you knew we were listening?,a fresh dawn behind a weathered barn
341,What's your prayer for today?,✝️ Faith | 🌿 Healing | 📖 Wisdom | 🧭 Guidance,Faith,The righteous will live by faith.,Romans 1:17,What's the thing you need lifted in prayer today?,morning sky with soft golden light
342,What do you need to feel less alone today?,🕊️ Grace | 🌿 Healing | 😊 Joy | 🌟 Confidence,Joy,Yet I will rejoice in the Lord.,Habakkuk 3:18,Tell us — we're standing with you today.,a peaceful farm at first light
343,What are you hoping God does today?,🔍 Clarity | 🤗 Comfort | 🤝 Relationships | 🕊️ Forgiveness,Forgiveness,Forgive as the Lord forgave you.,Colossians 3:13,Share your today — we're here for it.,sun breaking over the horizon at sea
344,What's today's quiet prayer?,🕊️ Grace | 🔥 Perseverance | 🤍 Peace | ✝️ Faith,Faith,"Weeping may stay for the night, but rejoicing comes in the morning.",Psalm 30:5,Tell us your today. We'll hold it with you.,sunrise behind gentle rolling dunes
345,What are you hoping changes today?,😌 Rest | ✝️ Faith | 🌾 Provision | 🌤️ Renewal,Faith,Where can I go from your Spirit? Where can I flee from your presence?,Psalm 139:7,Let's be specific in prayer today — what do you need?,golden hour over a still countryside pond
346,What are you asking for this morning?,🙏 Trust | 🦁 Courage | 💛 Encouragement | 🌱 Restoration,Trust,"Those who trust in the Lord are like Mount Zion, which cannot be shaken.",Psalm 125:1,Let's start today together — what do you need?,morning light on a quiet stone path
347,What would help you most right now?,🔥 Perseverance | ✝️ Faith | 🦁 Courage | 😌 Rest,Faith,"Do not boast about tomorrow, for you do not know what a day may bring.",Proverbs 27:1,What are you hoping God meets today?,sunlight breaking through morning haze
348,What would help your heart today?,🌿 Healing | ⏳ Patience | 🌅 Hope | 🧭 Guidance,Hope,"For I know the plans I have for you, declares the Lord, plans to prosper you and not to harm you, plans to give you hope and a future.",Jeremiah 29:11,Let's pray specifically — what's the actual need?,morning fog lifting over a valley
349,What do you wish someone would pray for you about today?,💼 Work | ✝️ Faith | 😊 Joy | 🌅 Hope,Faith,"Bless the Lord, O my soul, and forget not all his benefits.",Psalm 103:2,We're praying as a community — what's your need?,golden light spilling across a wheat field
350,What do you need to hear today?,🦁 Courage | ⏳ Patience | 💪 Strength | ✝️ Faith,Courage,"Be strong and courageous, for the Lord your God goes with you.",Deuteronomy 31:6,What would you ask God for this morning?,sunlight warming a quiet garden bench
351,What's the first prayer of your day?,🤗 Comfort | 💼 Work | ✝️ Faith | 🛡️ Protection,Faith,Taste and see that the Lord is good; blessed is the one who takes refuge in him.,Psalm 34:8,What's the prayer you need lifted today?,morning glow on a quiet mountain switchback
352,What do you need before the day gets busy?,🦁 Courage | 📖 Wisdom | 🤗 Comfort | 🌅 Hope,Hope,In this world you will have trouble. But take heart! I have overcome the world.,John 16:33,We're listening — what's on your heart this morning?,sunrise catching the tops of pine trees
353,What's weighing on you this morning?,🌅 Hope | 🦁 Courage | ✝️ Faith | 😌 Rest,Courage,Be strong and courageous. Do not be afraid.,Joshua 1:9,What's the honest prayer under the polished one?,soft golden light through curtains
354,What's the need you haven't said out loud?,🕊️ Grace | 💼 Work | 🔍 Clarity | ✝️ Faith,Faith,"Even though I walk through the darkest valley, I will fear no evil, for you are with me.",Psalm 23:4,Tell us what's real for you this morning.,morning light over a quiet river bend
355,What's the thing only God can give you today?,🧭 Guidance | ✝️ Faith | 🔥 Perseverance | 👨‍👩‍👧 Family,Faith,Act justly and to love mercy and to walk humbly with your God.,Micah 6:8,What's the quiet thing you need prayer for today?,clouds parting into morning light
356,What are you carrying into today?,📖 Wisdom | 🤗 Comfort | 🤝 Relationships | 🧭 Guidance,Guidance,He guides the humble in what is right and teaches them his way.,Psalm 25:9,Let's start the day in prayer together.,sunrise over a calm harbor
357,How can we pray with you today?,🤍 Peace | 👨‍👩‍👧 Family | ✝️ Faith | 🛡️ Protection,Faith,After the fire came a gentle whisper.,1 Kings 19:12,Share what feels true for you this morning.,a fresh morning sky over green hills
358,What's today's honest ask?,🙏 Trust | 🕊️ Forgiveness | 💛 Encouragement | 🌾 Provision,Forgiveness,There is now no condemnation for those who are in Christ Jesus.,Romans 8:1,"Share what's on your heart this morning, if you'd like.",morning light on a quiet garden gate
359,What's the honest state of your heart this morning?,🧭 Direction | ✝️ Faith | 🔍 Clarity | 👨‍👩‍👧 Family,Family,"As for me and my household, we will serve the Lord.",Joshua 24:15,Write your prayer request below if you feel comfortable.,a window seat bathed in morning light
360,What would help you breathe easier today?,💼 Work | 💪 Strength | 😌 Rest | 🦁 Courage,Strength,"For when I am weak, then I am strong.",2 Corinthians 12:10,What's one thing you'd want prayer for today?,morning sun breaking over sand dunes
361,What's today's biggest unknown?,🌟 Confidence | 🙏 Trust | 🌅 Hope | 👨‍👩‍👧 Family,Hope,"The thief comes only to steal and kill and destroy; I have come that they may have life, and have it to the full.",John 10:10,We're here — what do you need to say this morning?,sunrise over terraced farmland
362,What do you need to let go of today?,🛡️ Protection | 🕊️ Grace | 👨‍👩‍👧 Family | ✝️ Faith,Faith,"Neither height nor depth, nor anything else in all creation, will be able to separate us from the love of God.",Romans 8:39,What do you need? We're listening and praying.,golden hour on a quiet hillside trail
363,What do you need to feel steady today?,🧭 Direction | 🦁 Courage | 💪 Strength | 📖 Wisdom,Strength,I can do all this through him who gives me strength.,Philippians 4:13,What would you want prayed over your day today?,sunrise over rolling hills
364,What's been on your heart all week that you haven't said?,👨‍👩‍👧 Family | 🔥 Perseverance | 🙏 Trust | 🤝 Relationships,Trust,Jesus Christ is the same yesterday and today and forever.,Hebrews 13:8,"Let's pray this morning, together.",dew on grass in early morning sun
365,What do you need from God today?,✝️ Faith | 💛 Encouragement | 🔥 Perseverance | 🦁 Courage,Faith,"But when you pray, go into your room, close the door and pray to your Father.",Matthew 6:6,We're in this together. What's your need today?,a city skyline lit by dawn
366,What's the thing you're avoiding praying about?,🔥 Perseverance | ⏳ Patience | ✝️ Faith | 😌 Rest,Faith,"Ask for the ancient paths, ask where the good way is, and walk in it.",Jeremiah 6:16,What's your today? We're here with you.,sunrise over a peaceful beach
367,What's the quiet worry you're carrying this morning?,🕊️ Forgiveness | ✝️ Faith | 🔥 Perseverance | 💪 Strength,Strength,He gives strength to the weary and increases the power of the weak.,Psalm 40:29,Which of these are you asking God for today?,a warm kitchen lit by early light
368,What would relief look like for you today?,🔍 Clarity | 📖 Wisdom | 🙏 Trust | 🤝 Relationships,Trust,"Yet not as I will, but as you will.",Matthew 26:39,"Let's carry today's needs together, as a community.",a figure walking toward the sunlight
369,What are you facing today that needs prayer?,🦁 Courage | 🌅 Hope | 📖 Wisdom | 🤝 Relationships,Relationships,"Be completely humble and gentle; be patient, bearing with one another in love.",Ephesians 4:2,Let's be honest together this morning — what's real for you?,morning glow over a sleepy fishing village
370,What are you praying for today?,🌾 Provision | ✝️ Faith | 🧭 Guidance | 💪 Strength,Faith,Love the Lord your God with all your heart and with all your soul and with all your mind.,Matthew 22:37,Leave one word below if you feel comfortable.,birds against a sunrise sky
371,What's the honest answer if we asked how you're doing?,🌤️ Renewal | ✝️ Faith | 🌟 Confidence | 💡 Financial wisdom,Faith,You are the God who sees me.,Genesis 16:13,What are you carrying today that you'd want prayer for?,sunrise silhouetting a distant windmill
372,Choose what you need most today.,⏳ Patience | 🕊️ Grace | 🔥 Perseverance | 🧭 Direction,Direction,The Lord himself goes before you and will be with you; he will never leave you nor forsake you.,Deuteronomy 31:8,What's on your heart? Share it below if you'd like.,a bright horizon over calm water
373,What would today look like with peace in it?,🧭 Guidance | 🔍 Clarity | 🔥 Perseverance | 🛡️ Protection,Protection,You are my hiding place; you will protect me from trouble.,Psalm 32:7,Let's hold today together — what do you need?,morning glow over an open wooden gate
374,What do you need permission to feel today?,🤗 Comfort | ⏳ Patience | 🤍 Peace | 🌅 Hope,Patience,Be still before the Lord and wait patiently for him.,Psalm 37:7,This is a space to be honest — what do you need?,an open Bible in warm morning light
375,What does your heart need today?,🕊️ Grace | ✝️ Faith | 📖 Wisdom | 💡 Financial wisdom,Faith,Cast your cares on the Lord and he will sustain you.,Psalm 55:22,What's the honest need today? Share it here if you feel comfortable.,sunbeams through a forest canopy
376,What's the need underneath the need?,🤝 Relationships | 🧭 Direction | 🤍 Peace | 🕊️ Grace,Peace,"You will keep in perfect peace those whose minds are steadfast, because they trust in you.",Isaiah 26:3,We'll pray with you — what's the request?,morning light on a winding countryside road
377,What's your request before the day begins?,💼 Work | 🔥 Perseverance | 🦁 Courage | 📖 Wisdom,Perseverance,Let us run with perseverance the race marked out for us.,Hebrews 12:1,What do you need from this community today?,sunrise breaking through low valley fog
378,What are you walking into today?,✝️ Faith | 💼 Work | 🌿 Healing | 🕊️ Grace,Faith,"Seek first his kingdom and his righteousness, and all these things will be given to you as well.",Matthew 6:33,We see you. What do you need today?,walking toward a rising sun
379,What do you need to feel ready for today?,🔍 Clarity | 💛 Encouragement | 🧭 Guidance | 🤗 Comfort,Clarity,"Then you will know the truth, and the truth will set you free.",John 8:32,What would honest prayer sound like for you today?,open hands catching morning light
380,What would it mean to be honest with God this morning?,🕊️ Grace | ✝️ Faith | 🌅 Hope | 💛 Encouragement,Faith,"Not to us, Lord, not to us but to your name be the glory.",Psalm 115:1,What would you want someone to pray with you about today?,golden light over an awakening prairie
381,What's today asking of you?,😊 Joy | ⏳ Patience | 💛 Encouragement | ✝️ Faith,Faith,"Honor the Lord with your wealth, with the firstfruits of all your crops.",Proverbs 3:9,"Let's lift each other up — share your need, if you'd like.",morning light spilling into an open doorway
382,What's the smallest thing you need help with today?,🌅 Hope | 🙏 Trust | 💡 Financial wisdom | 🦁 Courage,Trust,Know therefore that the Lord your God is God; he is the faithful God.,Deuteronomy 7:9,We'd love to pray with you — leave your request below.,sunrise behind a lighthouse
383,What's today's biggest need?,😌 Rest | 💛 Encouragement | 🔥 Perseverance | 🕊️ Grace,Perseverance,Do not despise these small beginnings.,Zechariah 4:10,Let's pray for one another today. 🤍,a bright morning sky over water
384,What's the thing you keep praying about?,💪 Strength | 💡 Financial wisdom | 🛡️ Protection | ✝️ Faith,Faith,"Do not fear, for I am with you; do not be dismayed, for I am your God. I will strengthen you and help you.",Isaiah 41:10,This community is praying — what's yours today?,clouds glowing pink and gold at dawn
385,What would help you most today?,✝️ Faith | 🧭 Direction | 🔍 Clarity | 🌟 Confidence,Faith,"Though outwardly we are wasting away, yet inwardly we are being renewed day by day.",2 Corinthians 4:16,What is on your heart today?,sunrise catching mist above a valley floor
386,What do you need more of today?,👨‍👩‍👧 Family | 💛 Encouragement | 🦁 Courage | 🔥 Perseverance,Family,"By him we cry, 'Abba, Father.'",Romans 8:15,What's your one request this morning?,morning light catching hanging wind chimes
387,What are you hoping for today?,✝️ Faith | 🤗 Comfort | 💡 Financial wisdom | 💼 Work,Faith,Ask and it will be given to you; seek and you will find.,Matthew 7:7,What do you need prayer for today? 🙏,a fresh sunrise over a small town
388,What's your honest need this morning?,🌿 Healing | 🌾 Provision | 🌤️ Renewal | 🕊️ Forgiveness,Forgiveness,"As far as the east is from the west, so far has he removed our transgressions from us.",Psalm 103:12,Tell us — we'd love to stand with you today.,a bright new day over distant farmland
389,What do you need before you even leave the house?,💡 Financial wisdom | 💼 Work | 🕊️ Grace | 🤝 Relationships,Work,"Unless the Lord builds the house, the builders labor in vain.",Psalm 127:1,What would it help to say out loud today?,a golden field at first light
390,What do you need before this day starts?,💡 Financial wisdom | 💛 Encouragement | ✝️ Faith | 💪 Strength,Strength,"The Lord is my strength and my shield; my heart trusts in him, and he helps me.",Psalm 28:7,What's the thing you'd ask for if you knew we were listening?,sunlight catching morning frost
391,What's the first thing on your heart today?,💛 Encouragement | ✝️ Faith | 🌾 Provision | 🌤️ Renewal,Provision,Give us today our daily bread.,Matthew 6:11,What's the thing you need lifted in prayer today?,golden hour light on a mountain trail
392,What's the one thing you need today?,💛 Encouragement | 💼 Work | ✝️ Faith | 🦁 Courage,Faith,"Blessed are those who hunger and thirst for righteousness, for they will be filled.",Matthew 5:6,Tell us — we're standing with you today.,morning light through olive trees
393,What do you need God to do today?,⏳ Patience | 💛 Encouragement | 🔍 Clarity | ✝️ Faith,Faith,"Give thanks to the Lord, for he is good; his love endures forever.",Psalm 107:1,Share your today — we're here for it.,morning light catching a field of tall grass
394,"What's the thing today can't fix, but prayer might help with?",✝️ Faith | 🌿 Healing | 🌟 Confidence | 🤝 Relationships,Faith,Rejoice that your names are written in heaven.,Luke 10:20,Tell us your today. We'll hold it with you.,morning light on dew-covered spiderwebs
395,What are you hoping to hear from God today?,💪 Strength | 🌿 Healing | ✝️ Faith | 🕊️ Forgiveness,Faith,"Remain in me, as I also remain in you.",John 15:4,Let's be specific in prayer today — what do you need?,first light touching a mountain peak
396,What do you need clarity on today?,✝️ Faith | 📖 Wisdom | 🌿 Healing | 🔍 Clarity,Faith,And God raised us up with Christ and seated us with him in the heavenly realms.,Ephesians 2:6,Let's start today together — what do you need?,sunrise over quiet orchard rows
397,What would change your day if God met you there?,👨‍👩‍👧 Family | 😊 Joy | ✝️ Faith | 😌 Rest,Family,Train up a child in the way he should go; even when he is old he will not depart from it.,Proverbs 22:6,What are you hoping God meets today?,sunlight breaking across a quiet meadow trail
398,What's the first need on your list today?,📖 Wisdom | 🌱 Restoration | 🔥 Perseverance | 🔍 Clarity,Clarity,We have the mind of Christ.,1 Corinthians 2:16,Let's pray specifically — what's the actual need?,sunrise casting long shadows across a field
399,What's on your mind this morning?,😊 Joy | 🤍 Peace | 💼 Work | ✝️ Faith,Faith,He has clothed me with garments of salvation.,Isaiah 61:10,We're praying as a community — what's your need?,a fresh glow over quiet countryside fences
400,What do you need strength for today?,🌾 Provision | 🌱 Restoration | 🧭 Guidance | 💼 Work,Provision,"Every good and perfect gift is from above, coming down from the Father of the heavenly lights.",James 1:17,What would you ask God for this morning?,morning light on a peaceful hillside village
